[{"model": "leads.person", "pk": 1, "fields": {"first_name": "\u0410\u043d\u0430\u0441\u0442\u0430\u0441\u0438\u044f", "last_name": "\u041c\u0430\u0442\u0432\u0435\u0435\u0432\u0430", "role": "KAM", "description": "", "company": 1}}, {"model": "leads.person", "pk": 2, "fields": {"first_name": "\u0414\u0435\u043d\u0438\u0441", "last_name": "\u041a\u043e\u0434\u043e\u0447\u0438\u0433\u043e\u0432", "role": "UNW", "description": "", "company": 1}}, {"model": "leads.person", "pk": 3, "fields": {"first_name": "\u0410\u043b\u0435\u043a\u0441\u0430\u043d\u0434\u0440", "last_name": "\u041f\u0430\u0448", "role": "KAM", "description": null, "company": 4}}, {"model": "leads.person", "pk": 4, "fields": {"first_name": "\u0410\u0440\u043c\u0430\u043d", "last_name": "\u0414\u0430\u0432\u0442\u044f\u043d", "role": "CEO", "description": null, "company": 5}}, {"model": "leads.person", "pk": 5, "fields": {"first_name": "Onder", "last_name": "Kepenek", "role": "KAM", "description": "", "company": 9}}, {"model": "leads.person", "pk": 6, "fields": {"first_name": "\u0412\u044f\u0447\u0435\u0441\u043b\u0430\u0432", "last_name": "\u041c\u043e\u0438\u0441\u0435\u0435\u0432", "role": "KAM", "description": null, "company": 10}}, {"model": "leads.person", "pk": 7, "fields": {"first_name": "\u041d\u0430\u0442\u0430\u043b\u044c\u044f", "last_name": "\u0411\u0435\u043b\u044f\u0432\u0441\u043a\u0430\u044f", "role": "DIR", "description": null, "company": 16}}, {"model": "leads.person", "pk": 8, "fields": {"first_name": "\u041d\u0438\u043a\u043e\u043b\u0430\u0439", "last_name": "\u0411\u043e\u043d\u0434\u0430\u0440\u0435\u043d\u043a\u043e", "role": "DPD", "description": null, "company": 16}}, {"model": "leads.person", "pk": 9, "fields": {"first_name": "\u041a\u0438\u0440\u0438\u043b\u043b", "last_name": "\u0411\u0430\u0441\u043a\u0430\u043a\u043e\u0432", "role": "ENG", "description": null, "company": 18}}, {"model": "leads.person", "pk": 10, "fields": {"first_name": "\u041e\u043b\u0435\u0433", "last_name": "\u0412\u044f\u043b\u043e\u0432", "role": "SAD", "description": null, "company": 18}}, {"model": "leads.person", "pk": 12, "fields": {"first_name": "\u0410\u043d\u0434\u0440\u0435\u0439", "last_name": "\u042e\u0436\u0430\u043a\u043e\u0432", "role": "DES", "description": null, "company": 23}}, {"model": "leads.person", "pk": 13, "fields": {"first_name": "\u041d\u0438\u043a\u0438\u0442\u0430", "last_name": "\u0415\u0432\u0441\u0442\u0430\u0444\u044c\u0435\u0432", "role": "DES", "description": null, "company": 23}}, {"model": "leads.person", "pk": 14, "fields": {"first_name": "\u0410\u043b\u0435\u043a\u0441\u0435\u0439", "last_name": "\u0411\u043e\u0447\u043a\u043e\u0432", "role": "SAL", "description": "", "company": 2}}, {"model": "leads.person", "pk": 15, "fields": {"first_name": "\u0410\u043d\u0434\u0440\u0435\u0439", "last_name": "\u0421\u0442\u0430\u043d\u043a\u0435\u0432\u0438\u0447", "role": "EXD", "description": null, "company": 5}}, {"model": "leads.person", "pk": 16, "fields": {"first_name": "\u041c\u0438\u0445\u0430\u0438\u043b", "last_name": "\u041f\u0435\u0448\u043a\u043e\u0432", "role": "ENG", "description": "\u041d\u0430\u0445\u043e\u0434\u0438\u0442\u0441\u044f \u043d\u0435\u043f\u043e\u0441\u0440\u0435\u0434\u0441\u0442\u0432\u0435\u043d\u043d\u043e \u043d\u0430 \u043f\u043b\u043e\u0449\u0430\u0434\u043a\u0435 \u0410\u0432\u0442\u043e\u0412\u0410\u0417. \u041e\u0442\u0432\u0435\u0447\u0430\u0435\u0442 \u0437\u0430 \u0442\u0435\u0445\u043d\u0438\u0447\u0435\u0441\u043a\u0443\u044e \u0447\u0430\u0441\u0442\u044c \u043f\u043e \u043f\u0440\u043e\u0435\u043a\u0442\u0430\u043c \u043a\u043b\u0438\u0435\u043d\u0442\u0430.", "company": 5}}, {"model": "leads.person", "pk": 17, "fields": {"first_name": "\u0410\u0440\u0442\u0435\u043c", "last_name": "\u0421\u0442\u0430\u043d\u0438\u0448\u0435\u0432\u0441\u043a\u0438\u0439", "role": "HDP", "description": "\u0420\u0443\u043a\u043e\u0432\u043e\u0434\u0438\u0442\u0435\u043b\u044c \u043e\u0442\u0434\u0435\u043b\u0430 \u0438\u043d\u0436\u0435\u043d\u0435\u0440\u043d\u044b\u0445 \u0440\u0435\u0448\u0435\u043d\u0438\u0439.\r\n\u0414\u0435\u043f\u0430\u0440\u0442\u0430\u043c\u0435\u043d\u0442 \u0438\u043d\u0436\u0435\u043d\u0435\u0440\u043d\u044b\u0445 \u0441\u0438\u0441\u0442\u0435\u043c.", "company": 24}}, {"model": "leads.person", "pk": 18, "fields": {"first_name": "\u0410\u043d\u0434\u0440\u0435\u0439", "last_name": "\u041f\u0430\u043d\u0444\u0438\u043b\u043e\u0432", "role": "CTO", "description": "\u041d\u0430\u0445\u043e\u0434\u0438\u0442\u0441\u044f \u043d\u0435\u043f\u043e\u0441\u0440\u0435\u0434\u0441\u0442\u0432\u0435\u043d\u043d\u043e \u043d\u0430 \u043f\u043b\u043e\u0449\u0430\u0434\u043a\u0435 \u0424\u043e\u043b\u044c\u043a\u0441\u0432\u0430\u0433\u0435\u043d \u0413\u0420\u0423\u041f \u0420\u0443\u0441 (\u041a\u0430\u043b\u0443\u0433\u0430). \u041e\u0442\u0432\u0435\u0447\u0430\u0435\u0442 \u0437\u0430 \u0442\u0435\u0445\u043d\u0438\u0447\u0435\u0441\u043a\u0443\u044e \u0447\u0430\u0441\u0442\u044c \u043f\u043e \u043f\u0440\u043e\u0435\u043a\u0442\u0430\u043c \u043a\u043b\u0438\u0435\u043d\u0442\u0430.", "company": 5}}, {"model": "leads.person", "pk": 19, "fields": {"first_name": "\u0418\u0432\u0430\u043d", "last_name": "\u0426\u0430\u0440\u0435\u0432", "role": "SAD", "description": "\u041f\u041e\u041a\u0418\u041d\u0423\u041b \u041a\u0420\u041e\u041a\r\n\u0414\u0435\u043f\u0430\u0440\u0442\u0430\u043c\u0435\u043d\u0442 \u0438\u043d\u0442\u0435\u043b\u043b\u0435\u043a\u0442\u0443\u0430\u043b\u044c\u043d\u044b\u0445 \u0437\u0434\u0430\u043d\u0438\u0439", "company": 29}}, {"model": "leads.person", "pk": 20, "fields": {"first_name": "\u0414\u043c\u0438\u0442\u0440\u0438\u0439", "last_name": "\u041a\u0443\u0437\u043d\u0435\u0446\u043e\u0432", "role": "EXP", "description": "\u0414\u0435\u043f\u0430\u0440\u0442\u0430\u043c\u0435\u043d\u0442 \u0438\u043d\u0442\u0435\u043b\u043b\u0435\u043a\u0442\u0443\u0430\u043b\u044c\u043d\u044b\u0445 \u0437\u0434\u0430\u043d\u0438\u0439", "company": 29}}, {"model": "leads.person", "pk": 21, "fields": {"first_name": "\u0421\u0432\u0435\u0442\u043b\u0430\u043d\u0430", "last_name": "\u041f\u0440\u043e\u043a\u043e\u0444\u044c\u0435\u0432\u0430", "role": "MAN", "description": "\u0414\u0435\u043f\u0430\u0440\u0442\u0430\u043c\u0435\u043d\u0442 \u0438\u043d\u0442\u0435\u043b\u043b\u0435\u043a\u0442\u0443\u0430\u043b\u044c\u043d\u044b\u0445 \u0437\u0434\u0430\u043d\u0438\u0439", "company": 29}}, {"model": "leads.person", "pk": 22, "fields": {"first_name": "\u0418\u0432\u0430\u043d", "last_name": "\u041a\u043e\u043d\u0434\u0440\u0430\u0442\u0435\u043d\u043a\u043e\u0432", "role": "HDP", "description": "\u0421\u041a\u0421 \u0438 \u0430\u0432\u0442\u043e\u043c\u0430\u0442\u0438\u0437\u0430\u0446\u0438\u0438 \u0438\u043d\u0436\u0435\u043d\u0435\u0440\u043d\u044b\u0445 \u0441\u0438\u0441\u0442\u0435\u043c", "company": 29}}, {"model": "leads.person", "pk": 23, "fields": {"first_name": "IN", "last_name": "\u041a\u0430\u043c\u0435\u043d\u0441\u043a\u0438\u0445", "role": "UNW", "description": "", "company": 33}}, {"model": "leads.person", "pk": 24, "fields": {"first_name": "\u0410\u043d\u0434\u0440\u0435\u0439", "last_name": "\u041f\u043e\u0437\u0434\u043d\u044f\u043a\u043e\u0432", "role": "SAL", "description": "\u0414\u0435\u043f\u0430\u0440\u0442\u0430\u043c\u0435\u043d\u0442 \u0438\u043d\u0436\u0435\u043d\u0435\u0440\u043d\u044b\u0445 \u0441\u0438\u0441\u0442\u0435\u043c \u0438 \u0430\u0432\u0442\u043e\u043c\u0430\u0442\u0438\u0437\u0430\u0446\u0438\u0438.\r\n\u041c\u043e\u0441\u043a\u043e\u0432\u0441\u043a\u0438\u0439 \u043e\u0444\u0438\u0441.", "company": 1}}, {"model": "leads.person", "pk": 25, "fields": {"first_name": "\u0410\u043d\u0442\u043e\u043d", "last_name": "\u0428\u0430\u043f\u043e\u0440\u043e\u0432", "role": "SAL", "description": "\u0420\u0430\u0431\u043e\u0442\u0430\u0435\u0442 \u0441 \u043f\u0440\u043e\u0435\u043a\u0442\u043d\u044b\u043c\u0438 \u0438\u043d\u0441\u0442\u0438\u0442\u0443\u0442\u0430\u043c\u0438. \u0420\u0430\u043d\u044c\u0448\u0435 \u0431\u044b\u043b \u0432 \u0441\u0438\u0431\u0438\u0440\u0441\u043a\u043e\u043c \u043e\u043a\u0440\u0443\u0433\u0435.", "company": 1}}, {"model": "leads.person", "pk": 26, "fields": {"first_name": "\u0410\u043d\u0430\u0441\u0442\u0430\u0441\u0438\u044f", "last_name": "\u0413\u0440\u0438\u0448\u0430\u043d\u0438\u043d\u0430", "role": "PUR", "description": "", "company": 4}}, {"model": "leads.person", "pk": 27, "fields": {"first_name": "\u042f\u043a\u0443\u0448\u0438\u043d\u0441\u043a\u0438\u0439", "last_name": "\u0410\u043d\u0434\u0440\u0435\u0439", "role": "UNW", "description": "\u0415\u0436\u0435\u0433\u043e\u0434\u043d\u043e \u0437\u0430\u043f\u0440\u0430\u0448\u0438\u0432\u0430\u044e\u0442 \u0446\u0435\u043d\u044b \u043d\u0430 \u041f\u0427 \u0438 \u0440\u0435\u0437\u0438\u0441\u0442\u043e\u0440\u044b \u0434\u043b\u044f \u043c\u0435\u0445\u0430\u043d\u0438\u0437\u043c\u043e\u0432 \u043f\u0435\u0440\u0435\u043c\u0435\u0449\u0435\u043d\u0438\u044f \u0438 \u043f\u043e\u0434\u044a\u0435\u043c\u0430 (\u0440\u0435\u0433\u0443\u043b\u044f\u0440\u043d\u044b\u0439 \u0442\u0435\u043d\u0434\u0435\u0440).", "company": 36}}, {"model": "leads.person", "pk": 28, "fields": {"first_name": "\u0410\u043d\u0434\u0440\u0435\u0439", "last_name": "\u041a\u0443\u0437\u043d\u0435\u0446\u043e\u0432", "role": "ENG", "description": "\u0413\u043b\u0430\u0432\u043d\u044b\u0439 \u0438\u043d\u0436\u0435\u043d\u0435\u0440.", "company": 11}}, {"model": "leads.person", "pk": 29, "fields": {"first_name": "\u041d\u0438\u043a\u0438\u0442\u0430", "last_name": "\u041a\u0443\u0434\u044b\u043c\u043e\u0432", "role": "DPD", "description": "\u0417\u0430\u043c\u0435\u0441\u0442\u0438\u0442\u0435\u043b\u044c \u0434\u0438\u0440\u0435\u043a\u0442\u043e\u0440\u0430 \u043f\u043e \u0442\u0435\u0445\u043d\u0438\u0447\u0435\u0441\u043a\u0438\u043c \u0432\u043e\u043f\u0440\u043e\u0441\u0430\u043c", "company": 20}}, {"model": "leads.person", "pk": 30, "fields": {"first_name": "\u041c\u0438\u0445\u0430\u0438\u043b", "last_name": "\u0421\u043e\u0440\u043e\u043a\u043e\u0436\u0435\u0440\u0434\u0435\u0432", "role": "ENG", "description": "\u0413\u043b\u0430\u0432\u043d\u044b\u0439 \u0438\u043d\u0436\u0435\u043d\u0435\u0440 \u043f\u0440\u043e\u0435\u043a\u0442\u0430", "company": 20}}, {"model": "leads.person", "pk": 31, "fields": {"first_name": "\u0412\u0438\u043a\u0442\u043e\u0440\u0438\u044f", "last_name": "\u041f\u0443\u0448\u0438\u043d\u0430", "role": "DES", "description": "\u0418\u043d\u0436\u0435\u043d\u0435\u0440-\u043f\u0440\u043e\u0435\u043a\u0442\u0438\u0440\u043e\u0432\u0449\u0438\u043a", "company": 20}}, {"model": "leads.person", "pk": 32, "fields": {"first_name": "\u0410\u043d\u0434\u0440\u0435\u0439", "last_name": "\u041c\u0430\u043b\u044c\u0446\u0435\u0432", "role": "ENG", "description": "", "company": 37}}, {"model": "leads.person", "pk": 33, "fields": {"first_name": "\u0410\u043b\u0435\u0445\u0430\u043d\u0434\u0440\u043e", "last_name": "\u0421\u0443\u0430\u0440\u0435\u0437", "role": "ENG", "description": "\u041d\u0430\u043f\u0440\u0430\u0432\u043b\u0435\u043d\u0438\u044f:\r\n\u2022 \u0410\u0432\u0442\u043e\u043c\u0430\u0442\u0438\u0437\u0430\u0446\u0438\u044f \u0437\u0434\u0430\u043d\u0438\u0439\r\n\u2022 \u0418\u043d\u0441\u0442\u0440\u0443\u043c\u0435\u043d\u0442 \u0437\u0430\u0442\u044f\u0436\u043a\u0438", "company": 6}}, {"model": "leads.person", "pk": 34, "fields": {"first_name": "\u0414\u0436\u0435\u043b\u0438\u043b\u044c", "last_name": "\u0414\u0435\u043c\u0438\u0440\u0434\u0436\u0438\u043e\u0433\u043b\u0443", "role": "UNW", "description": "", "company": 38}}, {"model": "leads.person", "pk": 35, "fields": {"first_name": "\u0410\u0442\u0430\u0434\u0436\u0430\u043d", "last_name": "\u041a\u043e\u0447", "role": "UNW", "description": "", "company": 38}}, {"model": "leads.person", "pk": 36, "fields": {"first_name": "\u041b\u0430\u0440\u0438\u0441\u0430", "last_name": "\u0414\u043e\u0431\u043e", "role": "PUR", "description": "\u041a\u043b\u044e\u0447\u0435\u0432\u043e\u0439 \u043c\u0435\u043d\u0435\u0434\u0436\u0435\u0440 \u043f\u043e Bosch Rexroth.", "company": 39}}, {"model": "leads.legalform", "pk": 1, "fields": {"short_form": "\u041e\u041e\u041e", "long_form": "\u041e\u0431\u0449\u0435\u0441\u0442\u0432\u043e \u0441 \u043e\u0433\u0440\u0430\u043d\u0438\u0447\u0435\u043d\u043d\u043e\u0439 \u043e\u0442\u0432\u0435\u0442\u0441\u0442\u0432\u0435\u043d\u043d\u043e\u0441\u0442\u044c\u044e"}}, {"model": "leads.legalform", "pk": 2, "fields": {"short_form": "\u0410\u041e", "long_form": "\u0410\u043a\u0446\u0438\u043e\u043d\u0435\u0440\u043d\u043e\u0435 \u043e\u0431\u0449\u0435\u0441\u0442\u0432\u043e"}}, {"model": "leads.legalform", "pk": 3, "fields": {"short_form": "\u0417\u0410\u041e", "long_form": "\u0417\u0430\u043a\u0440\u044b\u0442\u043e\u0435 \u0430\u043a\u0446\u0438\u043e\u043d\u0435\u0440\u043d\u043e\u0435 \u043e\u0431\u0449\u0435\u0441\u0442\u0432\u043e"}}, {"model": "leads.legalform", "pk": 4, "fields": {"short_form": "\u0418\u041f", "long_form": "\u0418\u043d\u0434\u0438\u0432\u0438\u0434\u0443\u0430\u043b\u044c\u043d\u044b\u0439 \u043f\u0440\u0435\u0434\u043f\u0440\u0438\u043d\u0438\u043c\u0430\u0442\u0435\u043b\u044c"}}, {"model": "leads.legalform", "pk": 5, "fields": {"short_form": "\u041f\u0410\u041e", "long_form": "\u041f\u0443\u0431\u043b\u0438\u0447\u043d\u043e\u0435 \u0430\u043a\u0446\u0438\u043e\u043d\u0435\u0440\u043d\u043e\u0435 \u043e\u0431\u0449\u0435\u0441\u0442\u0432\u043e"}}, {"model": "leads.legalform", "pk": 6, "fields": {"short_form": "\u041e\u0410\u041e", "long_form": "\u041e\u0442\u043a\u0440\u044b\u0442\u043e\u0435 \u0430\u043a\u0446\u0438\u043e\u043d\u0435\u0440\u043d\u043e\u0435 \u043e\u0431\u0449\u0435\u0441\u0442\u0432\u043e"}}, {"model": "leads.legalform", "pk": 7, "fields": {"short_form": "AG", "long_form": "Aktiengesellschaft"}}, {"model": "leads.legalform", "pk": 8, "fields": {"short_form": "\u0424\u0413\u0423\u041f", "long_form": "\u0424\u0435\u0434\u0435\u0440\u0430\u043b\u044c\u043d\u043e\u0435 \u0433\u043e\u0441\u0443\u0434\u0430\u0440\u0441\u0442\u0432\u0435\u043d\u043d\u043e\u0435 \u0443\u043d\u0438\u0442\u0430\u0440\u043d\u043e\u0435 \u043f\u0440\u0435\u0434\u043f\u0440\u0438\u044f\u0442\u0438\u0435"}}, {"model": "leads.email", "pk": 1, "fields": {"email": "amatveeva@ocs.ru", "type": "Work", "person": 1, "company": 1}}, {"model": "leads.email", "pk": 2, "fields": {"email": "dkodochigov@ocs.ru", "type": "main", "person": 2, "company": 1}}, {"model": "leads.email", "pk": 3, "fields": {"email": "davtyan@kosmos-tools.ru", "type": "Main", "person": 4, "company": 5}}, {"model": "leads.email", "pk": 4, "fields": {"email": "onder.kepenek@rencons.com", "type": "main", "person": 5, "company": 9}}, {"model": "leads.email", "pk": 5, "fields": {"email": "bk@svp.ru", "type": "main", "person": 9, "company": 18}}, {"model": "leads.email", "pk": 6, "fields": {"email": "vo@svp.ru", "type": "main", "person": 10, "company": 18}}, {"model": "leads.email", "pk": 9, "fields": {"email": "yuzhakovag@lanburg.ru", "type": "main", "person": 12, "company": 23}}, {"model": "leads.email", "pk": 10, "fields": {"email": "evstafievnv@lanburg.ru", "type": "main", "person": 13, "company": 23}}, {"model": "leads.email", "pk": 11, "fields": {"email": "ITsarev@croc.ru", "type": "main", "person": 19, "company": 29}}, {"model": "leads.email", "pk": 12, "fields": {"email": "DKuznetsov@croc.ru", "type": "main", "person": 20, "company": 29}}, {"model": "leads.email", "pk": 13, "fields": {"email": "SProkofeva@croc.ru", "type": "main", "person": 21, "company": 29}}, {"model": "leads.email", "pk": 14, "fields": {"email": "IKondratenkov@croc.ru", "type": "main", "person": 22, "company": 29}}, {"model": "leads.email", "pk": 15, "fields": {"email": "IN_Kamenskih@kms.irkut.com", "type": "main", "person": 23, "company": 33}}, {"model": "leads.email", "pk": 16, "fields": {"email": "grishanina@acepey.ru", "type": "main", "person": 26, "company": 4}}, {"model": "leads.email", "pk": 17, "fields": {"email": "yakushinsky@uralkran.ru", "type": "main", "person": 27, "company": 36}}, {"model": "leads.email", "pk": 18, "fields": {"email": "n.kudymov@cit42.ru", "type": "main", "person": 29, "company": 20}}, {"model": "leads.email", "pk": 19, "fields": {"email": "m.sorokozherdev@cit42.ru", "type": "main", "person": 30, "company": 20}}, {"model": "leads.email", "pk": 20, "fields": {"email": "v.pushina@cit42.ru", "type": "main", "person": 31, "company": 20}}, {"model": "leads.email", "pk": 21, "fields": {"email": "am@key-a-key.ru", "type": "main", "person": 32, "company": 37}}, {"model": "leads.email", "pk": 22, "fields": {"email": "celil@unicons.ru", "type": "main", "person": 34, "company": 38}}, {"model": "leads.email", "pk": 23, "fields": {"email": "atacan@unicons.ru", "type": "main", "person": 35, "company": 38}}, {"model": "leads.phone", "pk": 1, "fields": {"country_code": "7", "area_code": "812", "number": "3242870", "extension": "1182", "type": "MAIN", "person": 1, "company": 1}}, {"model": "leads.phone", "pk": 2, "fields": {"country_code": "7", "area_code": "962", "number": "7244332", "extension": null, "type": "MOB", "person": 1, "company": 1}}, {"model": "leads.phone", "pk": 3, "fields": {"country_code": "7", "area_code": "967", "number": "1770126", "extension": null, "type": "MAIN", "person": 5, "company": 9}}, {"model": "leads.phone", "pk": 4, "fields": {"country_code": "7", "area_code": "495", "number": "6334444", "extension": "135", "type": "WRK", "person": 9, "company": 18}}, {"model": "leads.phone", "pk": 5, "fields": {"country_code": "7", "area_code": "910", "number": "4091001", "extension": null, "type": "MAIN", "person": 10, "company": 18}}, {"model": "leads.phone", "pk": 6, "fields": {"country_code": "7", "area_code": "921", "number": "9648020", "extension": null, "type": "MAIN", "person": 4, "company": 5}}, {"model": "leads.phone", "pk": 7, "fields": {"country_code": "7", "area_code": "917", "number": "5831770", "extension": null, "type": "MOB", "person": 19, "company": 29}}, {"model": "leads.phone", "pk": 8, "fields": {"country_code": "7", "area_code": "495", "number": "9742274", "extension": "4301", "type": "WRK", "person": 19, "company": 29}}, {"model": "leads.phone", "pk": 9, "fields": {"country_code": "7", "area_code": "966", "number": "0390069", "extension": null, "type": "MAIN", "person": 21, "company": 29}}, {"model": "leads.phone", "pk": 10, "fields": {"country_code": "7", "area_code": "495", "number": "9742274", "extension": "4313", "type": "MAIN", "person": 21, "company": 29}}, {"model": "leads.phone", "pk": 11, "fields": {"country_code": "7", "area_code": "351", "number": "2113105", "extension": "463", "type": "WRK", "person": 27, "company": 36}}, {"model": "leads.phone", "pk": 12, "fields": {"country_code": "7", "area_code": "933", "number": "3003339", "extension": null, "type": "MAIN", "person": 29, "company": 20}}, {"model": "leads.phone", "pk": 13, "fields": {"country_code": "7", "area_code": "900", "number": "0561622", "extension": null, "type": "MAIN", "person": 30, "company": 20}}, {"model": "leads.phone", "pk": 14, "fields": {"country_code": "7", "area_code": "904", "number": "5719784", "extension": null, "type": "MAIN", "person": 31, "company": 20}}, {"model": "leads.phone", "pk": 15, "fields": {"country_code": "7", "area_code": "969", "number": "8107375", "extension": null, "type": "MAIN", "person": 32, "company": 37}}, {"model": "leads.phone", "pk": 16, "fields": {"country_code": "7", "area_code": "916", "number": "8204461", "extension": null, "type": "MAIN", "person": 34, "company": 38}}, {"model": "leads.phone", "pk": 17, "fields": {"country_code": "7", "area_code": "916", "number": "5018876", "extension": null, "type": "MAIN", "person": 35, "company": 38}}, {"model": "inventory.productgroup", "pk": 1, "fields": {"title": "FAFC", "description": "Frequency Converters"}}, {"model": "inventory.productgroup", "pk": 2, "fields": {"title": "FALT", "description": "Linear Technologies"}}, {"model": "inventory.productgroup", "pk": 3, "fields": {"title": "FA", "description": "Factory Automation"}}, {"model": "inventory.productgroup", "pk": 4, "fields": {"title": "MA", "description": "Mobile Hydraulics"}}, {"model": "inventory.productgroup", "pk": 5, "fields": {"title": "ME", "description": "Industrial Hydraulics"}}, {"model": "inventory.discount", "pk": 1, "fields": {"status": "OEM", "turnover_class": "A", "product_group": 1, "value": 47}}, {"model": "inventory.discount", "pk": 2, "fields": {"status": "OEM", "turnover_class": "B", "product_group": 1, "value": 45}}, {"model": "inventory.discount", "pk": 3, "fields": {"status": "OEM", "turnover_class": "C", "product_group": 1, "value": 40}}, {"model": "inventory.discount", "pk": 4, "fields": {"status": "OEM", "turnover_class": "D", "product_group": 1, "value": 35}}, {"model": "inventory.discount", "pk": 5, "fields": {"status": "SI", "turnover_class": "A", "product_group": 1, "value": 45}}, {"model": "inventory.discount", "pk": 6, "fields": {"status": "SI", "turnover_class": "B", "product_group": 1, "value": 40}}, {"model": "inventory.discount", "pk": 7, "fields": {"status": "SI", "turnover_class": "C", "product_group": 1, "value": 35}}, {"model": "inventory.discount", "pk": 8, "fields": {"status": "Si", "turnover_class": "D", "product_group": 1, "value": 30}}, {"model": "inventory.discount", "pk": 9, "fields": {"status": "DW", "turnover_class": "A", "product_group": 1, "value": 45}}, {"model": "inventory.discount", "pk": 10, "fields": {"status": "DW", "turnover_class": "B", "product_group": 1, "value": 35}}, {"model": "inventory.discount", "pk": 11, "fields": {"status": "DW", "turnover_class": "C", "product_group": 1, "value": 25}}, {"model": "inventory.discount", "pk": 12, "fields": {"status": "DW", "turnover_class": "D", "product_group": 1, "value": 15}}, {"model": "inventory.discount", "pk": 13, "fields": {"status": "EU", "turnover_class": "A", "product_group": 1, "value": 15}}, {"model": "inventory.discount", "pk": 14, "fields": {"status": "EU", "turnover_class": "B", "product_group": 1, "value": 10}}, {"model": "inventory.discount", "pk": 15, "fields": {"status": "EU", "turnover_class": "C", "product_group": 1, "value": 5}}, {"model": "inventory.discount", "pk": 16, "fields": {"status": "EU", "turnover_class": "D", "product_group": 1, "value": 0}}, {"model": "inventory.discount", "pk": 17, "fields": {"status": "SP", "turnover_class": "A", "product_group": 1, "value": 33}}, {"model": "inventory.discount", "pk": 18, "fields": {"status": "SP", "turnover_class": "B", "product_group": 1, "value": 23}}, {"model": "inventory.discount", "pk": 19, "fields": {"status": "SP", "turnover_class": "C", "product_group": 1, "value": 18}}, {"model": "inventory.discount", "pk": 20, "fields": {"status": "SP", "turnover_class": "D", "product_group": 1, "value": 13}}, {"model": "inventory.discount", "pk": 21, "fields": {"status": "RO", "turnover_class": "A", "product_group": 1, "value": 30}}, {"model": "inventory.discount", "pk": 22, "fields": {"status": "RO", "turnover_class": "B", "product_group": 1, "value": 20}}, {"model": "inventory.discount", "pk": 23, "fields": {"status": "RO", "turnover_class": "C", "product_group": 1, "value": 10}}, {"model": "inventory.discount", "pk": 24, "fields": {"status": "RO", "turnover_class": "D", "product_group": 1, "value": 5}}, {"model": "business.projectcompany", "pk": 1, "fields": {"project": 1, "company": 1, "role": "CTR"}}, {"model": "business.projectstatus", "pk": 1, "fields": {"status": "Presale"}}, {"model": "business.projectstatus", "pk": 2, "fields": {"status": "Contract"}}, {"model": "business.projectstatus", "pk": 3, "fields": {"status": "Order"}}, {"model": "business.projectstatus", "pk": 4, "fields": {"status": "Delivery"}}, {"model": "business.projectstatus", "pk": 5, "fields": {"status": "Post sale"}}, {"model": "business.projectstatus", "pk": 6, "fields": {"status": "Completed"}}, {"model": "business.projectstatus", "pk": 7, "fields": {"status": "Canceled"}}, {"model": "business.projectstage", "pk": 1, "fields": {"stage": "Technical requirement"}}, {"model": "business.projectstage", "pk": 2, "fields": {"stage": "Draft design (Sketch)"}}, {"model": "business.projectstage", "pk": 3, "fields": {"stage": "Project documentation"}}, {"model": "business.projectstage", "pk": 4, "fields": {"stage": "Examination"}}, {"model": "business.projectstage", "pk": 5, "fields": {"stage": "Working documentation"}}, {"model": "business.projectstage", "pk": 6, "fields": {"stage": "Provision"}}, {"model": "business.projectstage", "pk": 7, "fields": {"stage": "Installation"}}, {"model": "business.projectstage", "pk": 8, "fields": {"stage": "Commissioning"}}, {"model": "business.projectstage", "pk": 9, "fields": {"stage": "Completed"}}, {"model": "business.projectstage", "pk": 10, "fields": {"stage": "Canceled"}}, {"model": "contenttypes.contenttype", "pk": 1, "fields": {"app_label": "leads", "model": "company"}}, {"model": "contenttypes.contenttype", "pk": 2, "fields": {"app_label": "leads", "model": "companystatus"}}, {"model": "contenttypes.contenttype", "pk": 3, "fields": {"app_label": "leads", "model": "legalform"}}, {"model": "contenttypes.contenttype", "pk": 4, "fields": {"app_label": "leads", "model": "person"}}, {"model": "contenttypes.contenttype", "pk": 5, "fields": {"app_label": "leads", "model": "phonetype"}}, {"model": "contenttypes.contenttype", "pk": 6, "fields": {"app_label": "leads", "model": "email"}}, {"model": "contenttypes.contenttype", "pk": 7, "fields": {"app_label": "leads", "model": "address"}}, {"model": "contenttypes.contenttype", "pk": 8, "fields": {"app_label": "leads", "model": "phone"}}, {"model": "contenttypes.contenttype", "pk": 9, "fields": {"app_label": "accounts", "model": "user"}}, {"model": "contenttypes.contenttype", "pk": 10, "fields": {"app_label": "inventory", "model": "productgroup"}}, {"model": "contenttypes.contenttype", "pk": 11, "fields": {"app_label": "inventory", "model": "product"}}, {"model": "contenttypes.contenttype", "pk": 12, "fields": {"app_label": "inventory", "model": "discount"}}, {"model": "contenttypes.contenttype", "pk": 13, "fields": {"app_label": "business", "model": "project"}}, {"model": "contenttypes.contenttype", "pk": 14, "fields": {"app_label": "business", "model": "projectstatus"}}, {"model": "contenttypes.contenttype", "pk": 15, "fields": {"app_label": "business", "model": "reminder"}}, {"model": "contenttypes.contenttype", "pk": 16, "fields": {"app_label": "business", "model": "event"}}, {"model": "contenttypes.contenttype", "pk": 17, "fields": {"app_label": "admin", "model": "logentry"}}, {"model": "contenttypes.contenttype", "pk": 18, "fields": {"app_label": "auth", "model": "permission"}}, {"model": "contenttypes.contenttype", "pk": 19, "fields": {"app_label": "auth", "model": "group"}}, {"model": "contenttypes.contenttype", "pk": 20, "fields": {"app_label": "contenttypes", "model": "contenttype"}}, {"model": "contenttypes.contenttype", "pk": 21, "fields": {"app_label": "sessions", "model": "session"}}, {"model": "contenttypes.contenttype", "pk": 22, "fields": {"app_label": "business", "model": "projectcompany"}}, {"model": "contenttypes.contenttype", "pk": 23, "fields": {"app_label": "business", "model": "projectstage"}}, {"model": "sessions.session", "pk": "8qzlo7uc0zrq4huan3xhxra7gnbjo28y", "fields": {"session_data": "OWExOWQ3N2QxOGYyOWQwZjExZWQ5MDQ3OWU4NmQxYzY5YWE0YTI1Yjp7Il9hdXRoX3VzZXJfaWQiOiIyIiwiX2F1dGhfdXNlcl9iYWNrZW5kIjoiZGphbmdvLmNvbnRyaWIuYXV0aC5iYWNrZW5kcy5Nb2RlbEJhY2tlbmQiLCJfYXV0aF91c2VyX2hhc2giOiI2YjY4ZTAxYWU1YTkyYTFiZjc3MjcwM2FiY2IxMWUzZTYwMDI2YjM3In0=", "expire_date": "2020-09-15T15:52:54.914Z"}}, {"model": "sessions.session", "pk": "j13hoftml8oy5drudz3vhi0n4wsa4rk7", "fields": {"session_data": "OWExOWQ3N2QxOGYyOWQwZjExZWQ5MDQ3OWU4NmQxYzY5YWE0YTI1Yjp7Il9hdXRoX3VzZXJfaWQiOiIyIiwiX2F1dGhfdXNlcl9iYWNrZW5kIjoiZGphbmdvLmNvbnRyaWIuYXV0aC5iYWNrZW5kcy5Nb2RlbEJhY2tlbmQiLCJfYXV0aF91c2VyX2hhc2giOiI2YjY4ZTAxYWU1YTkyYTFiZjc3MjcwM2FiY2IxMWUzZTYwMDI2YjM3In0=", "expire_date": "2020-08-29T13:14:40.338Z"}}, {"model": "sessions.session", "pk": "jgdeecyjijnffd16cqzc087s95bojwol", "fields": {"session_data": "OWExOWQ3N2QxOGYyOWQwZjExZWQ5MDQ3OWU4NmQxYzY5YWE0YTI1Yjp7Il9hdXRoX3VzZXJfaWQiOiIyIiwiX2F1dGhfdXNlcl9iYWNrZW5kIjoiZGphbmdvLmNvbnRyaWIuYXV0aC5iYWNrZW5kcy5Nb2RlbEJhY2tlbmQiLCJfYXV0aF91c2VyX2hhc2giOiI2YjY4ZTAxYWU1YTkyYTFiZjc3MjcwM2FiY2IxMWUzZTYwMDI2YjM3In0=", "expire_date": "2020-10-06T08:44:31.307Z"}}, {"model": "sessions.session", "pk": "lh3b0qzk3yowhvc3mfxx2f643vozsarc", "fields": {"session_data": "OWExOWQ3N2QxOGYyOWQwZjExZWQ5MDQ3OWU4NmQxYzY5YWE0YTI1Yjp7Il9hdXRoX3VzZXJfaWQiOiIyIiwiX2F1dGhfdXNlcl9iYWNrZW5kIjoiZGphbmdvLmNvbnRyaWIuYXV0aC5iYWNrZW5kcy5Nb2RlbEJhY2tlbmQiLCJfYXV0aF91c2VyX2hhc2giOiI2YjY4ZTAxYWU1YTkyYTFiZjc3MjcwM2FiY2IxMWUzZTYwMDI2YjM3In0=", "expire_date": "2020-08-29T11:46:46.852Z"}}, {"model": "sessions.session", "pk": "o3fd9ts7nruuwimdo8q64k3te5xqkupg", "fields": {"session_data": "OWExOWQ3N2QxOGYyOWQwZjExZWQ5MDQ3OWU4NmQxYzY5YWE0YTI1Yjp7Il9hdXRoX3VzZXJfaWQiOiIyIiwiX2F1dGhfdXNlcl9iYWNrZW5kIjoiZGphbmdvLmNvbnRyaWIuYXV0aC5iYWNrZW5kcy5Nb2RlbEJhY2tlbmQiLCJfYXV0aF91c2VyX2hhc2giOiI2YjY4ZTAxYWU1YTkyYTFiZjc3MjcwM2FiY2IxMWUzZTYwMDI2YjM3In0=", "expire_date": "2020-11-06T16:47:01.870Z"}}, {"model": "sessions.session", "pk": "pvomrz2ub2mgw3oozq6f1885yhnaiuv2", "fields": {"session_data": "MWI4NDYxYzQ1NzgwMzVhNjlkNzk2ZjYwNDhiYjc3N2ZlNTc1NWZlNTp7fQ==", "expire_date": "2020-09-24T20:27:15.987Z"}}, {"model": "auth.permission", "pk": 1, "fields": {"name": "Can add company", "content_type": 1, "codename": "add_company"}}, {"model": "auth.permission", "pk": 2, "fields": {"name": "Can change company", "content_type": 1, "codename": "change_company"}}, {"model": "auth.permission", "pk": 3, "fields": {"name": "Can delete company", "content_type": 1, "codename": "delete_company"}}, {"model": "auth.permission", "pk": 4, "fields": {"name": "Can view company", "content_type": 1, "codename": "view_company"}}, {"model": "auth.permission", "pk": 5, "fields": {"name": "Can add company status", "content_type": 2, "codename": "add_companystatus"}}, {"model": "auth.permission", "pk": 6, "fields": {"name": "Can change company status", "content_type": 2, "codename": "change_companystatus"}}, {"model": "auth.permission", "pk": 7, "fields": {"name": "Can delete company status", "content_type": 2, "codename": "delete_companystatus"}}, {"model": "auth.permission", "pk": 8, "fields": {"name": "Can view company status", "content_type": 2, "codename": "view_companystatus"}}, {"model": "auth.permission", "pk": 9, "fields": {"name": "Can add legal form", "content_type": 3, "codename": "add_legalform"}}, {"model": "auth.permission", "pk": 10, "fields": {"name": "Can change legal form", "content_type": 3, "codename": "change_legalform"}}, {"model": "auth.permission", "pk": 11, "fields": {"name": "Can delete legal form", "content_type": 3, "codename": "delete_legalform"}}, {"model": "auth.permission", "pk": 12, "fields": {"name": "Can view legal form", "content_type": 3, "codename": "view_legalform"}}, {"model": "auth.permission", "pk": 13, "fields": {"name": "Can add person", "content_type": 4, "codename": "add_person"}}, {"model": "auth.permission", "pk": 14, "fields": {"name": "Can change person", "content_type": 4, "codename": "change_person"}}, {"model": "auth.permission", "pk": 15, "fields": {"name": "Can delete person", "content_type": 4, "codename": "delete_person"}}, {"model": "auth.permission", "pk": 16, "fields": {"name": "Can view person", "content_type": 4, "codename": "view_person"}}, {"model": "auth.permission", "pk": 17, "fields": {"name": "Can add phone type", "content_type": 5, "codename": "add_phonetype"}}, {"model": "auth.permission", "pk": 18, "fields": {"name": "Can change phone type", "content_type": 5, "codename": "change_phonetype"}}, {"model": "auth.permission", "pk": 19, "fields": {"name": "Can delete phone type", "content_type": 5, "codename": "delete_phonetype"}}, {"model": "auth.permission", "pk": 20, "fields": {"name": "Can view phone type", "content_type": 5, "codename": "view_phonetype"}}, {"model": "auth.permission", "pk": 21, "fields": {"name": "Can add email", "content_type": 6, "codename": "add_email"}}, {"model": "auth.permission", "pk": 22, "fields": {"name": "Can change email", "content_type": 6, "codename": "change_email"}}, {"model": "auth.permission", "pk": 23, "fields": {"name": "Can delete email", "content_type": 6, "codename": "delete_email"}}, {"model": "auth.permission", "pk": 24, "fields": {"name": "Can view email", "content_type": 6, "codename": "view_email"}}, {"model": "auth.permission", "pk": 25, "fields": {"name": "Can add address", "content_type": 7, "codename": "add_address"}}, {"model": "auth.permission", "pk": 26, "fields": {"name": "Can change address", "content_type": 7, "codename": "change_address"}}, {"model": "auth.permission", "pk": 27, "fields": {"name": "Can delete address", "content_type": 7, "codename": "delete_address"}}, {"model": "auth.permission", "pk": 28, "fields": {"name": "Can view address", "content_type": 7, "codename": "view_address"}}, {"model": "auth.permission", "pk": 29, "fields": {"name": "Can add phone", "content_type": 8, "codename": "add_phone"}}, {"model": "auth.permission", "pk": 30, "fields": {"name": "Can change phone", "content_type": 8, "codename": "change_phone"}}, {"model": "auth.permission", "pk": 31, "fields": {"name": "Can delete phone", "content_type": 8, "codename": "delete_phone"}}, {"model": "auth.permission", "pk": 32, "fields": {"name": "Can view phone", "content_type": 8, "codename": "view_phone"}}, {"model": "auth.permission", "pk": 33, "fields": {"name": "Can add user", "content_type": 9, "codename": "add_user"}}, {"model": "auth.permission", "pk": 34, "fields": {"name": "Can change user", "content_type": 9, "codename": "change_user"}}, {"model": "auth.permission", "pk": 35, "fields": {"name": "Can delete user", "content_type": 9, "codename": "delete_user"}}, {"model": "auth.permission", "pk": 36, "fields": {"name": "Can view user", "content_type": 9, "codename": "view_user"}}, {"model": "auth.permission", "pk": 37, "fields": {"name": "Can add product group", "content_type": 10, "codename": "add_productgroup"}}, {"model": "auth.permission", "pk": 38, "fields": {"name": "Can change product group", "content_type": 10, "codename": "change_productgroup"}}, {"model": "auth.permission", "pk": 39, "fields": {"name": "Can delete product group", "content_type": 10, "codename": "delete_productgroup"}}, {"model": "auth.permission", "pk": 40, "fields": {"name": "Can view product group", "content_type": 10, "codename": "view_productgroup"}}, {"model": "auth.permission", "pk": 41, "fields": {"name": "Can add product", "content_type": 11, "codename": "add_product"}}, {"model": "auth.permission", "pk": 42, "fields": {"name": "Can change product", "content_type": 11, "codename": "change_product"}}, {"model": "auth.permission", "pk": 43, "fields": {"name": "Can delete product", "content_type": 11, "codename": "delete_product"}}, {"model": "auth.permission", "pk": 44, "fields": {"name": "Can view product", "content_type": 11, "codename": "view_product"}}, {"model": "auth.permission", "pk": 45, "fields": {"name": "Can add discount", "content_type": 12, "codename": "add_discount"}}, {"model": "auth.permission", "pk": 46, "fields": {"name": "Can change discount", "content_type": 12, "codename": "change_discount"}}, {"model": "auth.permission", "pk": 47, "fields": {"name": "Can delete discount", "content_type": 12, "codename": "delete_discount"}}, {"model": "auth.permission", "pk": 48, "fields": {"name": "Can view discount", "content_type": 12, "codename": "view_discount"}}, {"model": "auth.permission", "pk": 49, "fields": {"name": "Can add project", "content_type": 13, "codename": "add_project"}}, {"model": "auth.permission", "pk": 50, "fields": {"name": "Can change project", "content_type": 13, "codename": "change_project"}}, {"model": "auth.permission", "pk": 51, "fields": {"name": "Can delete project", "content_type": 13, "codename": "delete_project"}}, {"model": "auth.permission", "pk": 52, "fields": {"name": "Can view project", "content_type": 13, "codename": "view_project"}}, {"model": "auth.permission", "pk": 53, "fields": {"name": "Can add project status", "content_type": 14, "codename": "add_projectstatus"}}, {"model": "auth.permission", "pk": 54, "fields": {"name": "Can change project status", "content_type": 14, "codename": "change_projectstatus"}}, {"model": "auth.permission", "pk": 55, "fields": {"name": "Can delete project status", "content_type": 14, "codename": "delete_projectstatus"}}, {"model": "auth.permission", "pk": 56, "fields": {"name": "Can view project status", "content_type": 14, "codename": "view_projectstatus"}}, {"model": "auth.permission", "pk": 57, "fields": {"name": "Can add reminder", "content_type": 15, "codename": "add_reminder"}}, {"model": "auth.permission", "pk": 58, "fields": {"name": "Can change reminder", "content_type": 15, "codename": "change_reminder"}}, {"model": "auth.permission", "pk": 59, "fields": {"name": "Can delete reminder", "content_type": 15, "codename": "delete_reminder"}}, {"model": "auth.permission", "pk": 60, "fields": {"name": "Can view reminder", "content_type": 15, "codename": "view_reminder"}}, {"model": "auth.permission", "pk": 61, "fields": {"name": "Can add event", "content_type": 16, "codename": "add_event"}}, {"model": "auth.permission", "pk": 62, "fields": {"name": "Can change event", "content_type": 16, "codename": "change_event"}}, {"model": "auth.permission", "pk": 63, "fields": {"name": "Can delete event", "content_type": 16, "codename": "delete_event"}}, {"model": "auth.permission", "pk": 64, "fields": {"name": "Can view event", "content_type": 16, "codename": "view_event"}}, {"model": "auth.permission", "pk": 65, "fields": {"name": "Can add log entry", "content_type": 17, "codename": "add_logentry"}}, {"model": "auth.permission", "pk": 66, "fields": {"name": "Can change log entry", "content_type": 17, "codename": "change_logentry"}}, {"model": "auth.permission", "pk": 67, "fields": {"name": "Can delete log entry", "content_type": 17, "codename": "delete_logentry"}}, {"model": "auth.permission", "pk": 68, "fields": {"name": "Can view log entry", "content_type": 17, "codename": "view_logentry"}}, {"model": "auth.permission", "pk": 69, "fields": {"name": "Can add permission", "content_type": 18, "codename": "add_permission"}}, {"model": "auth.permission", "pk": 70, "fields": {"name": "Can change permission", "content_type": 18, "codename": "change_permission"}}, {"model": "auth.permission", "pk": 71, "fields": {"name": "Can delete permission", "content_type": 18, "codename": "delete_permission"}}, {"model": "auth.permission", "pk": 72, "fields": {"name": "Can view permission", "content_type": 18, "codename": "view_permission"}}, {"model": "auth.permission", "pk": 73, "fields": {"name": "Can add group", "content_type": 19, "codename": "add_group"}}, {"model": "auth.permission", "pk": 74, "fields": {"name": "Can change group", "content_type": 19, "codename": "change_group"}}, {"model": "auth.permission", "pk": 75, "fields": {"name": "Can delete group", "content_type": 19, "codename": "delete_group"}}, {"model": "auth.permission", "pk": 76, "fields": {"name": "Can view group", "content_type": 19, "codename": "view_group"}}, {"model": "auth.permission", "pk": 77, "fields": {"name": "Can add content type", "content_type": 20, "codename": "add_contenttype"}}, {"model": "auth.permission", "pk": 78, "fields": {"name": "Can change content type", "content_type": 20, "codename": "change_contenttype"}}, {"model": "auth.permission", "pk": 79, "fields": {"name": "Can delete content type", "content_type": 20, "codename": "delete_contenttype"}}, {"model": "auth.permission", "pk": 80, "fields": {"name": "Can view content type", "content_type": 20, "codename": "view_contenttype"}}, {"model": "auth.permission", "pk": 81, "fields": {"name": "Can add session", "content_type": 21, "codename": "add_session"}}, {"model": "auth.permission", "pk": 82, "fields": {"name": "Can change session", "content_type": 21, "codename": "change_session"}}, {"model": "auth.permission", "pk": 83, "fields": {"name": "Can delete session", "content_type": 21, "codename": "delete_session"}}, {"model": "auth.permission", "pk": 84, "fields": {"name": "Can view session", "content_type": 21, "codename": "view_session"}}, {"model": "auth.permission", "pk": 85, "fields": {"name": "Can add project company", "content_type": 22, "codename": "add_projectcompany"}}, {"model": "auth.permission", "pk": 86, "fields": {"name": "Can change project company", "content_type": 22, "codename": "change_projectcompany"}}, {"model": "auth.permission", "pk": 87, "fields": {"name": "Can delete project company", "content_type": 22, "codename": "delete_projectcompany"}}, {"model": "auth.permission", "pk": 88, "fields": {"name": "Can view project company", "content_type": 22, "codename": "view_projectcompany"}}, {"model": "auth.permission", "pk": 89, "fields": {"name": "Can add project stage", "content_type": 23, "codename": "add_projectstage"}}, {"model": "auth.permission", "pk": 90, "fields": {"name": "Can change project stage", "content_type": 23, "codename": "change_projectstage"}}, {"model": "auth.permission", "pk": 91, "fields": {"name": "Can delete project stage", "content_type": 23, "codename": "delete_projectstage"}}, {"model": "auth.permission", "pk": 92, "fields": {"name": "Can view project stage", "content_type": 23, "codename": "view_projectstage"}}, {"model": "accounts.user", "pk": 2, "fields": {"password": "pbkdf2_sha256$180000$YJN6N4zGG8IW$ylTKUd7enLlK57uiiOUQ2oMIonoY+xKqsQfnn/XTX4w=", "last_login": "2020-10-23T16:47:01.864Z", "is_superuser": true, "username": "admin", "first_name": "", "last_name": "", "email": "cubin4ik@mail.ru", "is_staff": true, "is_active": true, "date_joined": "2020-08-09T14:37:29Z", "groups": [], "user_permissions": []}}, {"model": "accounts.user", "pk": 3, "fields": {"password": "pbkdf2_sha256$180000$F11aMnnpNgmQ$eeqxZMXgl3wLPoUSIDOLQU/nL5HlKizbv+PNCl+MNiU=", "last_login": "2020-10-09T14:48:27.172Z", "is_superuser": false, "username": "cubin4ik", "first_name": "Alejandro", "last_name": "Suarez", "email": "cubin4ik@mail.ru", "is_staff": false, "is_active": true, "date_joined": "2020-09-09T11:51:05Z", "groups": [], "user_permissions": []}}, {"model": "leads.company", "pk": 1, "fields": {"title": "\u041e-\u0421\u0438-\u042d\u0441-\u0426\u0435\u043d\u0442\u0440", "title_latin": "OCS Distribution", "website": "https://www.ocs.ru/", "about": "\u0412\u0435\u0434\u0443\u0449\u0438\u0439 \u043f\u0440\u043e\u0435\u043a\u0442\u043d\u044b\u0439 \u0434\u0438\u0441\u0442\u0440\u0438\u0431\u0443\u0442\u043e\u0440", "date_added": "2020-08-09T16:35:56Z", "legal_form": 1, "status": "Active", "manager": 2, "discounts": [10]}}, {"model": "leads.company", "pk": 2, "fields": {"title": "\u0421\u0438\u0441\u0442\u0435\u043c\u044b \u0410\u0432\u0442\u043e\u043c\u0430\u0442\u0438\u0437\u0430\u0446\u0438\u0438", "title_latin": null, "website": null, "about": "\u0414\u0438\u0441\u0442\u0440\u0438\u0431\u044c\u044e\u0442\u043e\u0440 \u043f\u043e \u043f\u0440\u0435\u043e\u0431\u0440\u0430\u0437\u043e\u0432\u0430\u0442\u0435\u043b\u044f\u043c \u0447\u0430\u0441\u0442\u043e\u0442\u044b \u0432 \u0423\u0434\u043c\u0443\u0440\u0442\u0438\u0438.", "date_added": "2020-08-15T13:33:15.342Z", "legal_form": 1, "status": "Active", "manager": 2, "discounts": [8]}}, {"model": "leads.company", "pk": 4, "fields": {"title": "\u041a\u043e\u043d\u0446\u0435\u0440\u043d \u0410\u0446\u0435\u043f\u0435\u0439", "title_latin": null, "website": null, "about": "\u041f\u0440\u043e\u0438\u0437\u0432\u043e\u0434\u0438\u0442\u0435\u043b\u044c \u0432\u0435\u043d\u0442\u0438\u043b\u044f\u0446\u0438\u043e\u043d\u043d\u043e\u0433\u043e \u043e\u0431\u043e\u0440\u0443\u0434\u043e\u0432\u0430\u043d\u0438\u044f. \u0423\u0447\u0440\u0435\u0434\u0438\u0442\u0435\u043b\u044c \u044f\u0432\u043b\u044f\u0435\u0442\u0441\u044f \u0431\u044b\u0432\u0448\u0438\u043c \u0442\u0435\u0445\u043d\u0438\u0447\u0435\u0441\u043a\u0438\u043c \u0434\u0438\u0440\u0435\u043a\u0442\u043e\u0440\u043e\u043c \u0441\u0435\u0440\u043f\u0443\u0445\u043e\u0432\u0441\u043a\u043e\u0433\u043e \u0437\u0430\u0432\u043e\u0434\u0430 \u00ab\u0412\u0415\u041d\u0422\u041c\u0410\u0428\u00bb.", "date_added": "2020-08-28T16:12:20.721Z", "legal_form": 1, "status": "Active", "manager": 2, "discounts": [2]}}, {"model": "leads.company", "pk": 5, "fields": {"title": "\u041a\u043e\u0441\u043c\u043e\u0441 \u0420\u0423\u0421", "title_latin": "Kosmos RUS", "website": "http://www.kosmos-tools.ru/", "about": "\u0421\u0438\u0441\u0442\u0435\u043c\u043d\u044b\u0439 \u0438\u043d\u0442\u0435\u0433\u0440\u0430\u0442\u043e\u0440 \u043f\u043e \u0438\u043d\u0441\u0442\u0440\u0443\u043c\u0435\u043d\u0442\u0443 \u0437\u0430\u0442\u044f\u0436\u043a\u0438 Bosch Rexroth, Bosch PT.", "date_added": "2020-09-01T08:10:51Z", "legal_form": 1, "status": "Active", "manager": 2, "discounts": [16]}}, {"model": "leads.company", "pk": 6, "fields": {"title": "\u0411\u043e\u0448 \u0420\u0435\u043a\u0441\u0440\u043e\u0442", "title_latin": "Bosch Rexroth", "website": "https://www.boschrexroth.com", "about": "Drive & Control Company", "date_added": "2020-09-01T08:38:09Z", "legal_form": 1, "status": "Unknown", "manager": 2, "discounts": [16]}}, {"model": "leads.company", "pk": 7, "fields": {"title": "\u0410\u0432\u0442\u043e\u0412\u0410\u0417", "title_latin": "AvtoVAZ", "website": null, "about": "\u041f\u0440\u043e\u0438\u0437\u0432\u043e\u0434\u0438\u0442\u0435\u043b\u044c \u0430\u0432\u0442\u043e\u043c\u043e\u0431\u0438\u043b\u0435\u0439.\r\n\u0421\u043a\u0438\u0434\u043a\u0430 \u043d\u0430 \u0438\u043d\u0441\u0442\u0440\u0443\u043c\u0435\u043d\u0442 \u0437\u0430\u0442\u044f\u0436\u043a\u0438:\r\nDCEE-RU: 15%\r\n\u041a\u043e\u0441\u043c\u043e\u0441 \u0420\u0423\u0421: 25%", "date_added": "2020-09-01T10:04:12Z", "legal_form": 2, "status": "Active", "manager": 2, "discounts": [16]}}, {"model": "leads.company", "pk": 8, "fields": {"title": "\u041a\u043e\u043c\u0430\u0443 \u0420\u0443\u0441\u0441\u0438\u044f", "title_latin": "Comau", "website": null, "about": "Comau is a leading company in the industrial automation field.\r\nComau develops Industry 4.0-enabled systems, products and services.", "date_added": "2020-09-01T10:10:01Z", "legal_form": 1, "status": "Unknown", "manager": 2, "discounts": [16]}}, {"model": "leads.company", "pk": 9, "fields": {"title": "\u0420\u0435\u043d\u0435\u0439\u0441\u0441\u0430\u043d\u0441 \u041a\u043e\u043d\u0441\u0442\u0440\u0430\u043a\u0448\u043d", "title_latin": "Renaissance Construction", "website": "http://www.rencons.com/", "about": "\u0422\u0443\u0440\u0435\u0446\u043a\u0438\u0439 \u0434\u0435\u0432\u0435\u043b\u043e\u043f\u0435\u0440. \u0420\u0430\u0431\u043e\u0442\u0430\u044e\u0442 \u0441 Bosch BT (\u043a\u043e\u043d\u0442\u0430\u043a\u0442 \u0421\u0443\u043b\u0438\u043c \u0422\u0438\u043c\u043e\u0444\u0435\u0439).", "date_added": "2020-09-03T08:21:56.140Z", "legal_form": 2, "status": "Inactive", "manager": 2, "discounts": [1]}}, {"model": "leads.company", "pk": 10, "fields": {"title": "\u0412\u0421-\u0422\u0435\u043b\u0435\u043a\u043e\u043c", "title_latin": "VS-Telecom", "website": "https://vstelecom.ru/", "about": "\u0418\u043d\u0442\u0435\u0433\u0440\u0430\u0442\u043e\u0440 \u043d\u0430 \u0440\u044b\u043d\u043a\u0435 \u0430\u0432\u0442\u043e\u043c\u0430\u0442\u0438\u0437\u0430\u0446\u0438\u0438 \u0437\u0434\u0430\u043d\u0438\u0439.", "date_added": "2020-09-03T11:21:40.796Z", "legal_form": 1, "status": "Active", "manager": 2, "discounts": [5]}}, {"model": "leads.company", "pk": 11, "fields": {"title": "\u0412\u0438\u043b\u043a\u043e\u043c \u0425\u043e\u043b\u0434\u0438\u043d\u0433", "title_latin": "Vilcom", "website": "https://www.vilcom.ru", "about": "\u0418\u043d\u0442\u0435\u0433\u0440\u0430\u0442\u043e\u0440", "date_added": "2020-09-03T11:35:43.513Z", "legal_form": 1, "status": "Active", "manager": 2, "discounts": [7]}}, {"model": "leads.company", "pk": 12, "fields": {"title": "\u0410\u0439-\u0422\u0435\u043a\u043e", "title_latin": "I-Teco", "website": "https://www.i-teco.ru/", "about": "\u0418\u043d\u0444\u043e\u0440\u043c\u0430\u0446\u0438\u043e\u043d\u043d\u044b\u0435 \u0442\u0435\u0445\u043d\u043e\u043b\u043e\u0433\u0438\u0438 \u0438\u0441\u043f\u043e\u043b\u044c\u0437\u0443\u044e\u0442\u0441\u044f \u043d\u0430 \u043a\u0430\u0436\u0434\u043e\u043c \u044d\u0442\u0430\u043f\u0435 \u043f\u0440\u043e\u0435\u043a\u0442\u0438\u0440\u043e\u0432\u0430\u043d\u0438\u044f, \u0441\u0442\u0440\u043e\u0438\u0442\u0435\u043b\u044c\u0441\u0442\u0432\u0430 \u0438 \u044d\u043a\u0441\u043f\u043b\u0443\u0430\u0442\u0430\u0446\u0438\u0438 \u043a\u0430\u043f\u0438\u0442\u0430\u043b\u044c\u043d\u044b\u0445 \u0437\u0434\u0430\u043d\u0438\u0439 \u0438 \u0438\u0445 \u0438\u043d\u0444\u0440\u0430\u0441\u0442\u0440\u0443\u043a\u0442\u0443\u0440\u044b. \u0427\u0435\u043c \u0431\u043e\u043b\u044c\u0448\u0435 \u00ab\u0446\u0438\u0444\u0440\u0430\u00bb \u043f\u0440\u043e\u043d\u0438\u043a\u0430\u0435\u0442 \u0432 \u0441\u0442\u0440\u043e\u0438\u0442\u0435\u043b\u044c\u043d\u0443\u044e \u043e\u0442\u0440\u0430\u0441\u043b\u044c, \u0442\u0435\u043c \u0447\u0430\u0449\u0435 \u0434\u0435\u0432\u0435\u043b\u043e\u043f\u0435\u0440\u044b \u0438 \u0437\u0430\u0441\u0442\u0440\u043e\u0439\u0449\u0438\u043a\u0438 \u0434\u043e\u0432\u0435\u0440\u044f\u044e\u0442 \u0441\u043b\u043e\u0436\u043d\u044b\u0435 \u0438\u043d\u0444\u0440\u0430\u0441\u0442\u0440\u0443\u043a\u0442\u0443\u0440\u043d\u044b\u0435 \u043f\u0440\u043e\u0435\u043a\u0442\u044b \u0418\u0422-\u043a\u043e\u043c\u043f\u0430\u043d\u0438\u044f\u043c. \u0417\u0430 \u043f\u043e\u0441\u043b\u0435\u0434\u043d\u0438\u0435 \u0433\u043e\u0434\u044b \u043e\u0431\u044a\u0435\u043c \u043f\u0440\u043e\u0435\u043a\u0442\u043e\u0432 \u00ab\u0410\u0439\u0422\u0435\u043a\u043e\u00bb \u043f\u043e \u043a\u0430\u043f\u0438\u0442\u0430\u043b\u044c\u043d\u043e\u043c\u0443 \u0441\u0442\u0440\u043e\u0438\u0442\u0435\u043b\u044c\u0441\u0442\u0432\u0443 \u0438 \u0438\u043d\u0442\u0435\u0433\u0440\u0430\u0446\u0438\u0438 \u0438\u043d\u0436\u0435\u043d\u0435\u0440\u043d\u043e\u0439 \u0438\u043d\u0444\u0440\u0430\u0441\u0442\u0440\u0443\u043a\u0442\u0443\u0440\u044b \u0437\u043d\u0430\u0447\u0438\u0442\u0435\u043b\u044c\u043d\u043e \u0432\u044b\u0440\u043e\u0441, \u0438 \u0441\u0442\u0440\u043e\u0438\u0442\u0435\u043b\u044c\u043d\u0430\u044f \u044d\u043a\u0441\u043f\u0435\u0440\u0442\u0438\u0437\u0430 \u0431\u044b\u043b\u0430 \u0432\u044b\u0434\u0435\u043b\u0435\u043d\u0430 \u0432 \u043e\u0442\u0434\u0435\u043b\u044c\u043d\u0443\u044e \u043a\u043e\u043c\u043f\u0430\u043d\u0438\u044e \u2014 \u041e\u041e\u041e \u00ab\u0410\u0420\u0411\u0418\u0422\u0415\u041a\u00bb.\r\n\r\n\u00ab\u0410\u0420\u0411\u0418\u0422\u0415\u041a\u00bb \u044f\u0432\u043b\u044f\u0435\u0442\u0441\u044f \u0438\u043d\u0436\u0435\u043d\u0435\u0440\u043d\u043e-\u0441\u0442\u0440\u043e\u0438\u0442\u0435\u043b\u044c\u043d\u043e\u0439 \u043a\u043e\u043c\u043f\u0430\u043d\u0438\u0435\u0439 \u043f\u043e\u043b\u043d\u043e\u0433\u043e \u0446\u0438\u043a\u043b\u0430 \u0438 \u0441\u043e\u0437\u0434\u0430\u0435\u0442 \u00ab\u043f\u043e\u0434 \u043a\u043b\u044e\u0447\u00bb \u043e\u0431\u044a\u0435\u043a\u0442\u044b \u0433\u0440\u0430\u0436\u0434\u0430\u043d\u0441\u043a\u043e\u0433\u043e \u0438 \u043f\u0440\u043e\u043c\u044b\u0448\u043b\u0435\u043d\u043d\u043e\u0433\u043e \u0441\u0442\u0440\u043e\u0438\u0442\u0435\u043b\u044c\u0441\u0442\u0432\u0430 \u043b\u044e\u0431\u043e\u0439 \u0441\u043b\u043e\u0436\u043d\u043e\u0441\u0442\u0438. \u041e\u0441\u043d\u043e\u0432\u043d\u044b\u0435 \u043d\u0430\u043f\u0440\u0430\u0432\u043b\u0435\u043d\u0438\u044f \u0434\u0435\u044f\u0442\u0435\u043b\u044c\u043d\u043e\u0441\u0442\u0438:", "date_added": "2020-09-03T15:23:07Z", "legal_form": 2, "status": "Unknown", "manager": 2, "discounts": [16]}}, {"model": "leads.company", "pk": 13, "fields": {"title": "\u041d\u0410\u041c\u0418", "title_latin": "NAMI", "website": "http://nami.ru/", "about": "\u0426\u0415\u041d\u0422\u0420\u0410\u041b\u042c\u041d\u042b\u0419 \u041e\u0420\u0414\u0415\u041d\u0410 \u0422\u0420\u0423\u0414\u041e\u0412\u041e\u0413\u041e \u041a\u0420\u0410\u0421\u041d\u041e\u0413\u041e \u0417\u041d\u0410\u041c\u0415\u041d\u0418 \u041d\u0410\u0423\u0427\u041d\u041e-\u0418\u0421\u0421\u041b\u0415\u0414\u041e\u0412\u0410\u0422\u0415\u041b\u042c\u0421\u041a\u0418\u0419 \u0410\u0412\u0422\u041e\u041c\u041e\u0411\u0418\u041b\u042c\u041d\u042b\u0419 \u0418 \u0410\u0412\u0422\u041e\u041c\u041e\u0422\u041e\u0420\u041d\u042b\u0419 \u0418\u041d\u0421\u0422\u0418\u0422\u0423\u0422 \u00ab\u041d\u0410\u041c\u0418\u00bb\r\n\u0420\u0430\u0437\u0440\u0430\u0431\u043e\u0442\u0447\u0438\u043a \u043f\u0440\u043e\u0435\u043a\u0442\u0430 \"Aurus\".", "date_added": "2020-09-07T15:57:36Z", "legal_form": 8, "status": "Inactive", "manager": 2, "discounts": [16]}}, {"model": "leads.company", "pk": 14, "fields": {"title": "\u0421\u043e\u043b\u043b\u0435\u0440\u0441", "title_latin": "Sollers", "website": "http://www.sollers-auto.com/ru/", "about": "\u0420\u043e\u0441\u0441\u0438\u0439\u0441\u043a\u0430\u044f \u0430\u0432\u0442\u043e\u043c\u043e\u0431\u0438\u043b\u0435\u0441\u0442\u0440\u043e\u0438\u0442\u0435\u043b\u044c\u043d\u0430\u044f \u043a\u043e\u043c\u043f\u0430\u043d\u0438\u044f. \u0414\u043e\u0447\u0435\u0440\u043d\u0438\u0435 \u043a\u043e\u043c\u043f\u0430\u043d\u0438\u0438: \u00abAurus\u00bb, \u00ab\u0423\u043b\u044c\u044f\u043d\u043e\u0432\u0441\u043a\u0438\u0439 \u0430\u0432\u0442\u043e\u043c\u043e\u0431\u0438\u043b\u044c\u043d\u044b\u0439 \u0437\u0430\u0432\u043e\u0434\u00bb, \u00ab\u0417\u0430\u0432\u043e\u043b\u0436\u0441\u043a\u0438\u0439 \u043c\u043e\u0442\u043e\u0440\u043d\u044b\u0439 \u0437\u0430\u0432\u043e\u0434\u00bb.", "date_added": "2020-09-07T16:44:44.190Z", "legal_form": 5, "status": "Inactive", "manager": 2, "discounts": [16]}}, {"model": "leads.company", "pk": 15, "fields": {"title": "\u0411\u0435\u043d\u0442\u0435\u043b\u0435\u0440 \u0410\u0443\u0442\u043e\u043c\u043e\u0442\u0438\u0432", "title_latin": "Benteler", "website": "https://www.benteler.com/", "about": "\u041f\u0440\u043e\u0438\u0437\u0432\u043e\u0434\u0441\u0442\u0432\u043e \u0438 \u043e\u043f\u0442\u043e\u0432\u0430\u044f \u043f\u0440\u043e\u0434\u0430\u0436\u0430 \u0430\u0432\u0442\u043e\u0437\u0430\u043f\u0447\u0430\u0441\u0442\u0435\u0439. \u0420\u0430\u0431\u043e\u0442\u0430\u0435\u0442 \u0447\u0435\u0440\u0435\u0437 \u043a\u043e\u043c\u043f\u0430\u043d\u0438\u044e \u041a\u043e\u0441\u043c\u043e\u0441 \u0420\u0423\u0421. \u0414\u043b\u044f \u044d\u0442\u043e\u0433\u043e \u0437\u0430\u043a\u0430\u0437\u0447\u0438\u043a\u0430 \u0420\u0435\u043a\u0441\u0440\u043e\u0442 \u043f\u0440\u0435\u0434\u043e\u0441\u0442\u0430\u0432\u043b\u044f\u0435\u0442 \u0434\u043e\u043f\u043e\u043b\u043d\u0438\u0442\u0435\u043b\u044c\u043d\u0443\u044e \u0441\u043a\u0438\u0434\u043a\u0443 \u0432 1% \u043a \u0441\u0442\u0430\u043d\u0434\u0430\u0440\u0442\u043d\u043e\u0439. \u0418\u0442\u043e\u0433\u043e\u0432\u0430\u044f \u0441\u043a\u0438\u0434\u043a\u0430 \u0434\u043b\u044f \u041a\u043e\u0441\u043c\u043e\u0441 58,5%.", "date_added": "2020-09-08T10:32:09.772Z", "legal_form": 1, "status": "Active", "manager": 2, "discounts": [16]}}, {"model": "leads.company", "pk": 16, "fields": {"title": "\u041d\u041f\u041f \u0410\u0421\u0423 \u00ab\u041a\u043e\u043c\u043f\u043b\u0435\u043a\u0441\u00bb", "title_latin": "NPP ASU Complex", "website": "http://asucomplex.ru/", "about": "\u041e\u041e\u041e \u041d\u0410\u0423\u0427\u041d\u041e-\u041f\u0420\u041e\u0418\u0417\u0412\u041e\u0414\u0421\u0422\u0412\u0415\u041d\u041d\u041e\u0415 \u041f\u0420\u0415\u0414\u041f\u0420\u0418\u042f\u0422\u0418\u0415 \u0410\u0412\u0422\u041e\u041c\u0410\u0422\u0418\u0417\u0410\u0426\u0418\u042f \u0421\u0418\u0421\u0422\u0415\u041c \u0423\u041f\u0420\u0410\u0412\u041b\u0415\u041d\u0418\u042f \u00ab\u041a\u041e\u041c\u041f\u041b\u0415\u041a\u0421\u00bb.\r\n\u041f\u0440\u043e\u0438\u0437\u0432\u043e\u0434\u0441\u0442\u0432\u043e: \u0433. \u0423\u0444\u0430\r\n\u041e\u0442\u0440\u0430\u0441\u043b\u044c: \u0432\u0435\u043d\u0442\u0438\u043b\u044f\u0446\u0438\u044f \u0438 \u043a\u043e\u043d\u0434\u0438\u0446\u0438\u043e\u043d\u0438\u0440\u043e\u0432\u0430\u043d\u0438\u0435, HVAC\r\n\u041a\u043e\u043d\u043a\u0443\u0440\u0435\u043d\u0442: eaton, \u041a\u0438\u0442\u0430\u0439\r\n\u0433.\u0423\u0444\u0430 \u0443\u043b. \u041a\u0430\u0437\u0430\u043d\u0441\u043a\u0430\u044f 2, 1 \u044d\u0442\u0430\u0436", "date_added": "2020-09-08T10:57:12Z", "legal_form": 1, "status": "Active", "manager": 2, "discounts": [10]}}, {"model": "leads.company", "pk": 17, "fields": {"title": "\u0425\u041c\u041c\u0420", "title_latin": "Hyundai Motor Manufacturing Rus", "website": "https://www.hyundai.ru/", "about": "\u00ab\u0425\u0435\u043d\u0434\u044d \u041c\u043e\u0442\u043e\u0440 \u041c\u0430\u043d\u0443\u0444\u0430\u043a\u0442\u0443\u0440\u0438\u043d\u0433 \u0420\u0443\u0441\u00bb (Hyundai Motor Manufacturing Rus) \u2013 \u0448\u0435\u0441\u0442\u043e\u0439 \u0437\u0430\u0440\u0443\u0431\u0435\u0436\u043d\u044b\u0439 \u0437\u0430\u0432\u043e\u0434 Hyundai Motor Company, \u043f\u0435\u0440\u0432\u043e\u0435 \u043f\u0440\u043e\u043c\u044b\u0448\u043b\u0435\u043d\u043d\u043e\u0435 \u043f\u0440\u0435\u0434\u043f\u0440\u0438\u044f\u0442\u0438\u0435 \u043a\u043e\u043c\u043f\u0430\u043d\u0438\u0438 \u0432 \u0420\u043e\u0441\u0441\u0438\u0438. \u0418\u043d\u0432\u0435\u0441\u0442\u0438\u0446\u0438\u0438 \u0432 \u0435\u0433\u043e \u0441\u0442\u0440\u043e\u0438\u0442\u0435\u043b\u044c\u0441\u0442\u0432\u043e \u0438 \u0434\u0430\u043b\u044c\u043d\u0435\u0439\u0448\u0435\u0435 \u0440\u0430\u0437\u0432\u0438\u0442\u0438\u0435 \u0441\u043e\u0441\u0442\u0430\u0432\u0438\u043b\u0438 \u0431\u043e\u043b\u0435\u0435 600 \u043c\u0438\u043b\u043b\u0438\u043e\u043d\u043e\u0432 \u0434\u043e\u043b\u043b\u0430\u0440\u043e\u0432. \u00ab\u0425\u041c\u041c\u0420\u00bb - \u0435\u0434\u0438\u043d\u0441\u0442\u0432\u0435\u043d\u043d\u044b\u0439 \u0437\u0430\u0432\u043e\u0434 \u0441 \u043f\u043e\u043b\u043d\u044b\u043c \u043f\u0440\u043e\u0438\u0437\u0432\u043e\u0434\u0441\u0442\u0432\u0435\u043d\u043d\u044b\u043c \u0446\u0438\u043a\u043b\u043e\u043c \u0441\u0440\u0435\u0434\u0438 \u0438\u043d\u043e\u0441\u0442\u0440\u0430\u043d\u043d\u044b\u0445 \u0430\u0432\u0442\u043e\u043f\u0440\u043e\u0438\u0437\u0432\u043e\u0434\u0438\u0442\u0435\u043b\u0435\u0439 \u0432 \u0420\u043e\u0441\u0441\u0438\u0438. \u0422\u0435\u0445\u043d\u043e\u043b\u043e\u0433\u0438\u0447\u0435\u0441\u043a\u0438\u0439 \u043f\u0440\u043e\u0446\u0435\u0441\u0441 \u0437\u0430\u0432\u043e\u0434\u0430 \u0432\u043a\u043b\u044e\u0447\u0430\u0435\u0442 \u0432 \u0441\u0435\u0431\u044f \u0448\u0442\u0430\u043c\u043f\u043e\u0432\u043a\u0443 \u043a\u0440\u0443\u043f\u043d\u044b\u0445 \u043a\u0443\u0437\u043e\u0432\u043d\u044b\u0445", "date_added": "2020-09-08T13:32:22.361Z", "legal_form": 1, "status": "Unknown", "manager": 2, "discounts": [16]}}, {"model": "leads.company", "pk": 18, "fields": {"title": "\u0421\u043f\u0435\u0446\u0432\u0438\u0434\u0435\u043e\u043f\u0440\u043e\u0435\u043a\u0442", "title_latin": "SVP", "website": "http://svp.ru/", "about": "\u041a\u043e\u043c\u043f\u0430\u043d\u0438\u044f \u0437\u0430\u043d\u0438\u043c\u0430\u0435\u0442\u0441\u044f \u043f\u0440\u0435\u0438\u043c\u0443\u0449\u0435\u0441\u0442\u0432\u0435\u043d\u043d\u043e \u0432\u0438\u0434\u0435\u043e \u0431\u0435\u0437\u043e\u043f\u0430\u0441\u043d\u043e\u0441\u0442\u044c\u044e. \u0421\u0435\u0439\u0447\u0430\u0441 \u043f\u043b\u0430\u043d\u0438\u0440\u0443\u0435\u0442 \u0432\u043e\u0439\u0442\u0438 \u043d\u0430 \u0440\u044b\u043d\u043e\u043a \u0430\u0432\u0442\u043e\u043c\u0430\u0442\u0438\u0437\u0430\u0446\u0438\u0438 \u0437\u0434\u0430\u043d\u0438\u0439 \u0434\u043b\u044f \u0447\u0435\u0433\u043e \u0432\u044b\u0434\u0435\u043b\u0435\u043d \u043e\u0442\u0434\u0435\u043b\u044c\u043d\u044b\u0439 \u0441\u043f\u0435\u0446\u0438\u0430\u043b\u0438\u0441\u0442 \u041a\u0438\u0440\u0438\u043b\u043b \u0411\u0430\u0441\u043a\u0430\u043a\u043e\u0432 (\u0435\u0433\u043e \u0431\u044d\u043a\u0433\u0440\u0430\u0443\u043d\u0434 \u0441\u0432\u044f\u0437\u0430\u043d \u0441 \u0430\u0432\u0442\u043e\u043c\u0430\u0442\u0438\u043a\u043e\u0439). \u0415\u0441\u0442\u044c \u0438\u043d\u0442\u0435\u0440\u0435\u0441 \u0440\u0430\u0431\u043e\u0442\u044b \u0441 Rexroth, \u043d\u043e \u0442\u0430\u043a\u0436\u0435 \u0435\u0441\u0442\u044c \u043f\u0440\u0435\u0434\u043b\u043e\u0436\u0435\u043d\u0438\u044f \u0441\u043e \u0441\u0442\u043e\u0440\u043e\u043d\u044b \u043a\u043e\u043d\u043a\u0443\u0440\u0435\u043d\u0442\u043e\u0432.\r\n\u0414\u043e\u0433\u043e\u0432\u043e\u0440\u0438\u043b\u0438\u0441\u044c \u043d\u0430 \u0442\u0430\u043c, \u0447\u0442\u043e \u043f\u043e\u043a\u0430 \u043a\u043e\u043d\u043a\u0440\u0435\u0442\u043d\u043e\u0439 \u0437\u0430\u043a\u0443\u043f\u043a\u0438 \u043d\u0435 \u043f\u0440\u043e\u0438\u0437\u043e\u0439\u0434\u0435\u0442, \u043c\u044b \u043d\u0435 \u0431\u0443\u0434\u0435\u0442 \u043f\u043e\u0434\u043f\u0438\u0441\u044b\u0432\u0430\u0442\u044c \u043a\u043e\u043d\u0442\u0440\u0430\u043a\u0442.", "date_added": "2020-09-09T08:35:22.643Z", "legal_form": 1, "status": "Unknown", "manager": 2, "discounts": [10]}}, {"model": "leads.company", "pk": 19, "fields": {"title": "\u041c\u043e\u0441\u043f\u0440\u043e\u043c\u0441\u0442\u0440\u043e\u0439", "title_latin": "Mospromstroy", "website": "http://www.mospromstroy.com/", "about": "\u041e\u0434\u0438\u043d \u0438\u0437 \u043a\u0440\u0443\u043f\u043d\u0435\u0439\u0448\u0438\u0445 \u0443\u0447\u0430\u0441\u0442\u043d\u0438\u043a\u043e\u0432 \u0440\u044b\u043d\u043a\u0430 \u0441\u0442\u0440\u043e\u0438\u0442\u0435\u043b\u044c\u0441\u0442\u0432\u0430 \u0438 \u043d\u0435\u0434\u0432\u0438\u0436\u0438\u043c\u043e\u0441\u0442\u0438 \u041c\u043e\u0441\u043a\u0432\u044b, \u043e\u0431\u043b\u0430\u0434\u0430\u044e\u0449\u0438\u0439 \u0434\u0438\u0444\u0444\u0435\u0440\u0435\u043d\u0446\u0438\u0440\u043e\u0432\u0430\u043d\u043d\u044b\u043c \u0431\u0438\u0437\u043d\u0435\u0441\u043e\u043c \u0438 \u0441\u0438\u043b\u044c\u043d\u043e\u0439 \u043f\u043e\u0437\u0438\u0446\u0438\u0435\u0439 \u043d\u0430 \u0440\u044b\u043d\u043a\u0435 \u043f\u0440\u0438\u0441\u0443\u0442\u0441\u0442\u0432\u0438\u044f.", "date_added": "2020-09-09T08:57:56.288Z", "legal_form": 2, "status": "Inactive", "manager": 2, "discounts": [16]}}, {"model": "leads.company", "pk": 20, "fields": {"title": "\u0426\u0418\u0422", "title_latin": "CIT", "website": "http://cit42.ru/", "about": "\u0426\u0435\u043d\u0442\u0440 \u0418\u043d\u0444\u043e\u0440\u043c\u0430\u0446\u0438\u043e\u043d\u043d\u044b\u0445 \u0422\u0435\u0445\u043d\u043e\u043b\u043e\u0433\u0438\u0439. \u041f\u0440\u043e\u0435\u043a\u0442\u0438\u0440\u043e\u0432\u0449\u0438\u043a.\r\n\u0420\u0430\u0441\u043f\u043e\u043b\u043e\u0436\u0435\u043d \u0432 \u041a\u0435\u043c\u0435\u0440\u043e\u0432\u043e.", "date_added": "2020-09-09T16:37:51.671Z", "legal_form": 1, "status": "Inactive", "manager": 2, "discounts": [16]}}, {"model": "leads.company", "pk": 23, "fields": {"title": "\u041b\u0430\u043d\u0431\u0443\u0440\u0433", "title_latin": "Lanburg", "website": "https://lanburg.ru/", "about": "\u041a\u043e\u043c\u043f\u0430\u043d\u0438\u044f \u00ab\u041b\u0430\u043d\u0431\u0443\u0440\u0433\u00bb \u044f\u0432\u043b\u044f\u0435\u0442\u0441\u044f \u0430\u0432\u0442\u043e\u0440\u0438\u0437\u0438\u0440\u043e\u0432\u0430\u043d\u043d\u044b\u043c \u0438\u043d\u0442\u0435\u0433\u0440\u0430\u0442\u043e\u0440\u043e\u043c \u0438\u043d\u0436\u0435\u043d\u0435\u0440\u043d\u044b\u0445 \u0441\u0438\u0441\u0442\u0435\u043c. \u0423\u0436\u0435 \u0431\u043e\u043b\u0435\u0435 5 \u043b\u0435\u0442 \u043e\u043a\u0430\u0437\u044b\u0432\u0430\u0435\u043c \u0443\u0441\u043b\u0443\u0433\u0438 \u0432 \u043e\u0431\u043b\u0430\u0441\u0442\u0438 \u043f\u0440\u043e\u0435\u043a\u0442\u0438\u0440\u043e\u0432\u0430\u043d\u0438\u044f, \u043f\u043e\u0441\u0442\u0430\u0432\u043a\u0438 \u043e\u0431\u043e\u0440\u0443\u0434\u043e\u0432\u0430\u043d\u0438\u044f, \u043c\u043e\u043d\u0442\u0430\u0436\u0430, \u043f\u0443\u0441\u043a\u043e-\u043d\u0430\u043b\u0430\u0434\u043a\u0438 \u0438 \u043e\u0431\u0441\u043b\u0443\u0436\u0438\u0432\u0430\u043d\u0438\u044f \u0440\u0430\u0437\u043b\u0438\u0447\u043d\u044b\u0445 \u0438\u043d\u0436\u0435\u043d\u0435\u0440\u043d\u044b\u0445 \u0438 \u0438\u043d\u0444\u043e\u0440\u043c\u0430\u0446\u0438\u043e\u043d\u043d\u044b\u0445 \u0441\u0438\u0441\u0442\u0435\u043c.\r\n\u041f\u0430\u0440\u0442\u043d\u0435\u0440 OCS.\r\n\u041f\u0440\u043e\u0445\u043e\u0434\u0438\u043b \u043e\u0431\u0443\u0447\u0435\u043d\u0438\u0435 Bosch Rexroth \u043f\u043e \u0430\u0432\u0442\u043e\u043c\u0430\u0442\u0438\u0437\u0430\u0446\u0438\u0438 \u0437\u0434\u0430\u043d\u0438\u0439.", "date_added": "2020-09-14T11:51:28.756Z", "legal_form": 1, "status": "Inactive", "manager": 2, "discounts": [16]}}, {"model": "leads.company", "pk": 24, "fields": {"title": "\u0421\u043e\u043d\u0435\u0442 \u041d\u041d", "title_latin": "Sonet", "website": "https://www.sonetnn.ru/", "about": "\u0418\u043d\u0442\u0435\u0433\u0440\u0430\u0442\u043e\u0440 \u0432 \u041d\u0438\u0436\u043d\u0435\u043c \u041d\u043e\u0432\u0433\u043e\u0440\u043e\u0434\u0435.", "date_added": "2020-09-15T13:23:55.480Z", "legal_form": 1, "status": "Unknown", "manager": 2, "discounts": [16]}}, {"model": "leads.company", "pk": 25, "fields": {"title": "\u041f\u041f \u00ab\u0411\u043b\u0430\u0433\u043e\u0432\u0435\u0441\u0442-\u0441+\u00bb", "title_latin": "Blagovest", "website": "https://blagovest.ru/", "about": "\u041f\u0440\u043e\u0438\u0437\u0432\u043e\u0434\u0441\u0442\u0432\u0435\u043d\u043d\u043e\u0435 \u043f\u0440\u0435\u0434\u043f\u0440\u0438\u044f\u0442\u0438\u0435 \u00ab\u0411\u041b\u0410\u0413\u041e\u0412\u0415\u0421\u0422-\u0421+\u00bb.", "date_added": "2020-09-15T13:53:33.481Z", "legal_form": 1, "status": "Inactive", "manager": 2, "discounts": [16]}}, {"model": "leads.company", "pk": 26, "fields": {"title": "\u0424\u043e\u043b\u044c\u043a\u0441\u0432\u0430\u0433\u0435\u043d \u0413\u0420\u0423\u041f \u0420\u0443\u0441", "title_latin": "Volkswagen Group Rus", "website": "http://vwgroup.ru/", "about": "\u00ab\u0424\u041e\u041b\u042c\u041a\u0421\u0412\u0410\u0413\u0415\u041d \u0413\u0440\u0443\u043f \u0420\u0443\u0441\u00bb \u043e\u0431\u044a\u0435\u0434\u0438\u043d\u044f\u0435\u0442 \u043d\u0430 \u0440\u043e\u0441\u0441\u0438\u0439\u0441\u043a\u043e\u043c \u0440\u044b\u043d\u043a\u0435 \u0440\u0430\u0431\u043e\u0442\u0443 \u0441\u0435\u043c\u0438 \u043c\u0430\u0440\u043e\u043a \u043a\u043e\u043d\u0446\u0435\u0440\u043d\u0430: Volkswagen \u2014 \u043b\u0435\u0433\u043a\u043e\u0432\u044b\u0435 \u0430\u0432\u0442\u043e\u043c\u043e\u0431\u0438\u043b\u0438, Audi, \u0160KODA, Bentley, Lamborghini, Ducati \u0438 Volkswagen \u041a\u043e\u043c\u043c\u0435\u0440\u0447\u0435\u0441\u043a\u0438\u0435 \u0430\u0432\u0442\u043e\u043c\u043e\u0431\u0438\u043b\u0438. \u0421 \u043d\u043e\u044f\u0431\u0440\u044f 2007 \u0433\u043e\u0434\u0430 \u00ab\u0424\u041e\u041b\u042c\u041a\u0421\u0412\u0410\u0413\u0415\u041d \u0413\u0440\u0443\u043f \u0420\u0443\u0441\u00bb \u043f\u0440\u043e\u0438\u0437\u0432\u043e\u0434\u0438\u0442 \u0430\u0432\u0442\u043e\u043c\u043e\u0431\u0438\u043b\u0438 \u0432 \u041a\u0430\u043b\u0443\u0433\u0435. \u0412 2009 \u0433\u043e\u0434\u0443 \u043d\u0430 \u0437\u0430\u0432\u043e\u0434\u0435 \u0431\u044b\u043b\u043e \u0437\u0430\u043f\u0443\u0449\u0435\u043d\u043e \u043f\u0440\u043e\u0438\u0437\u0432\u043e\u0434\u0441\u0442\u0432\u043e \u043f\u043e\u043b\u043d\u043e\u0433\u043e \u0446\u0438\u043a\u043b\u0430. \u0412 2011 \u0433\u043e\u0434\u0443 \u00ab\u0424\u041e\u041b\u042c\u041a\u0421\u0412\u0410\u0413\u0415\u041d \u0413\u0440\u0443\u043f \u0420\u0443\u0441\u00bb \u0438 \u00ab\u0413\u0440\u0443\u043f\u043f\u0430 \u0413\u0410\u0417\u00bb \u0437\u0430\u043a\u043b\u044e\u0447\u0438\u043b\u0438 \u0441\u043e\u0433\u043b\u0430\u0448\u0435\u043d\u0438\u0435 \u043e \u043a\u043e\u043d\u0442\u0440\u0430\u043a\u0442\u043d\u043e\u0439 \u0441\u0431\u043e\u0440\u043a\u0435 \u0430\u0432\u0442\u043e\u043c\u043e\u0431\u0438\u043b\u0435\u0439 Volkswagen \u0438 \u0160KODA \u043d\u0430 \u0437\u0430\u0432\u043e\u0434\u0435 \u0413\u0410\u0417 \u0432 \u041d\u0438\u0436\u043d\u0435\u043c \u041d\u043e\u0432\u0433\u043e\u0440\u043e\u0434\u0435.", "date_added": "2020-09-16T09:27:52.860Z", "legal_form": 1, "status": "Unknown", "manager": 2, "discounts": [16]}}, {"model": "leads.company", "pk": 27, "fields": {"title": "\u0414\u041a \u0420\u0443\u0441", "title_latin": "DAIMLER KAMAZ RUS", "website": "https://dkrus.ru/", "about": "\u2022 \u041d\u0430\u0431\u0435\u0440\u0435\u0436\u043d\u044b\u0435 \u0427\u0435\u043b\u043d\u044b (\u0441\u0431\u043e\u0440\u043a\u0430 \u0433\u0440\u0443\u0437\u043e\u0432\u0438\u043a\u043e\u0432 Mercedes \u043d\u0430 \u043f\u043b\u043e\u0449\u0430\u0434\u043a\u0435 \u041f\u0410\u041e \u041a\u0410\u041c\u0410\u0417)\r\n\u2022 \u041d\u0438\u0436\u043d\u0438\u0439 \u041d\u043e\u0432\u0433\u043e\u0440\u043e\u0434 (\u0441\u0431\u043e\u0440\u043a\u0430 Mercedes Sprinter \u043d\u0430 \u043f\u043b\u043e\u0449\u0430\u0434\u043a\u0435 \u041f\u0410\u041e \u0413\u0430\u0437)\r\n\r\n\u041e\u041e\u041e \u00ab\u0414\u0410\u0419\u041c\u041b\u0415\u0420 \u041a\u0410\u041c\u0410\u0417 \u0420\u0423\u0421\u00bb \u044f\u0432\u043b\u044f\u0435\u0442\u0441\u044f \u0433\u0435\u043d\u0435\u0440\u0430\u043b\u044c\u043d\u044b\u043c \u0438\u043c\u043f\u043e\u0440\u0442\u0435\u0440\u043e\u043c \u0433\u0440\u0443\u0437\u043e\u0432\u043e\u0439 \u0438 \u0441\u043f\u0435\u0446\u0438\u0430\u043b\u044c\u043d\u043e\u0439 \u0442\u0435\u0445\u043d\u0438\u043a\u0438 Mercedes-Benz, \u0433\u0440\u0443\u0437\u043e\u0432\u0438\u043a\u043e\u0432 FUSO, \u0430\u0432\u0442\u043e\u0431\u0443\u0441\u043e\u0432 Mercedes-Benz \u0438 Setra \u0432 \u0420\u043e\u0441\u0441\u0438\u0438, \u0430 \u0442\u0430\u043a\u0436\u0435 \u043e\u0444\u0438\u0446\u0438\u0430\u043b\u044c\u043d\u044b\u043c \u043f\u0440\u043e\u0438\u0437\u0432\u043e\u0434\u0438\u0442\u0435\u043b\u0435\u043c \u0433\u0440\u0443\u0437\u043e\u0432\u043e\u0439 \u0438 \u0441\u043f\u0435\u0446\u0438\u0430\u043b\u044c\u043d\u043e\u0439 \u0442\u0435\u0445\u043d\u0438\u043a\u0438 Mercedes-Benz \u0438 \u0433\u0440\u0443\u0437\u043e\u0432\u0438\u043a\u043e\u0432 FUSO \u0432 \u0420\u043e\u0441\u0441\u0438\u0438.\r\n\r\n24 \u043d\u043e\u044f\u0431\u0440\u044f 2009 \u0433\u043e\u0434\u0430 \u043d\u0435\u043c\u0435\u0446\u043a\u0438\u0439 \u043a\u043e\u043d\u0446\u0435\u0440\u043d Daimler AG \u0438 \u0440\u043e\u0441\u0441\u0438\u0439\u0441\u043a\u0438\u0439 \u0430\u0432\u0442\u043e\u043f\u0440\u043e\u0438\u0437\u0432\u043e\u0434\u0438\u0442\u0435\u043b\u044c \u00ab\u041a\u0410\u041c\u0410\u0417\u00bb \u0437\u0430\u043a\u043b\u044e\u0447\u0438\u043b\u0438 \u0441\u043e\u0433\u043b\u0430\u0448\u0435\u043d\u0438\u0435 \u043e \u0441\u043e\u0437\u0434\u0430\u043d\u0438\u0438 \u0441\u043e\u0432\u043c\u0435\u0441\u0442\u043d\u043e\u0433\u043e \u043f\u0440\u0435\u0434\u043f\u0440\u0438\u044f\u0442\u0438\u044f, \u043e\u0441\u043d\u043e\u0432\u043e\u0439 \u043a\u043e\u0442\u043e\u0440\u043e\u043c\u0443 \u043f\u043e\u0441\u043b\u0443\u0436\u0438\u043b\u043e \u0441\u0442\u0440\u0430\u0442\u0435\u0433\u0438\u0447\u0435\u0441\u043a\u043e\u0435 \u043f\u0430\u0440\u0442\u043d\u0435\u0440\u0441\u0442\u0432\u043e \u043c\u0435\u0436\u0434\u0443 Daimler AG, \u041f\u0410\u041e \u00ab\u041a\u0410\u041c\u0410\u0417\u00bb, \u0433\u043e\u0441\u0443\u0434\u0430\u0440\u0441\u0442\u0432\u0435\u043d\u043d\u043e\u0439 \u043a\u043e\u0440\u043f\u043e\u0440\u0430\u0446\u0438\u0435\u0439 \u00ab\u0420\u043e\u0441\u0442\u0435\u0445\u043d\u043e\u043b\u043e\u0433\u0438\u0438\u00bb \u0438 \u0438\u043d\u0432\u0435\u0441\u0442\u0438\u0446\u0438\u043e\u043d\u043d\u044b\u043c \u0431\u0430\u043d\u043a\u043e\u043c \u00ab\u0422\u0440\u043e\u0439\u043a\u0430 \u0414\u0438\u0430\u043b\u043e\u0433\u00bb. Daimler AG \u0438 \u041f\u0410\u041e \u00ab\u041a\u0410\u041c\u0410\u0417\u00bb \u043f\u0440\u0438\u043d\u0430\u0434\u043b\u0435\u0436\u0430\u0442 \u043f\u043e 50% \u0430\u043a\u0446\u0438\u0439 \u00ab\u0414\u0410\u0419\u041c\u041b\u0415\u0420 \u041a\u0410\u041c\u0410\u0417 \u0420\u0423\u0421\u00bb. \u0421\u0432\u043e\u044e \u0434\u0435\u044f\u0442\u0435\u043b\u044c\u043d\u043e\u0441\u0442\u044c \u043a\u043e\u043c\u043f\u0430\u043d\u0438\u044f \u043d\u0430\u0447\u0430\u043b\u0430 \u0432 \u0444\u0435\u0432\u0440\u0430\u043b\u0435 2010 \u0433\u043e\u0434\u0430. 30 \u0441\u0435\u043d\u0442\u044f\u0431\u0440\u044f 2010 \u043a\u043e\u043c\u043f\u0430\u043d\u0438\u044f \u00ab\u0414\u0410\u0419\u041c\u041b\u0415\u0420 \u041a\u0410\u041c\u0410\u0417 \u0420\u0423\u0421\u00bb \u0437\u0430\u043f\u0443\u0441\u0442\u0438\u043b\u0430 \u0441\u043e\u0431\u0441\u0442\u0432\u0435\u043d\u043d\u043e\u0435 \u043f\u0440\u043e\u0438\u0437\u0432\u043e\u0434\u0441\u0442\u0432\u043e \u0433\u0440\u0443\u0437\u043e\u0432\u044b\u0445 \u0430\u0432\u0442\u043e\u043c\u043e\u0431\u0438\u043b\u0435\u0439 Mercedes-Benz \u043c\u0435\u0442\u043e\u0434\u043e\u043c \u043a\u0440\u0443\u043f\u043d\u043e\u0443\u0437\u043b\u043e\u0432\u043e\u0439 \u0441\u0431\u043e\u0440\u043a\u0438 \u0432 \u0433. \u041d\u0430\u0431\u0435\u0440\u0435\u0436\u043d\u044b\u0435 \u0427\u0435\u043b\u043d\u044b.\r\n\r\n\u041e\u0444\u0438\u0441\u044b \u043a\u043e\u043c\u043f\u0430\u043d\u0438\u0438 \u0440\u0430\u0441\u043f\u043e\u043b\u043e\u0436\u0435\u043d\u044b \u0432 \u041c\u043e\u0441\u043a\u0432\u0435 \u0438 \u041d\u0430\u0431\u0435\u0440\u0435\u0436\u043d\u044b\u0445 \u0427\u0435\u043b\u043d\u0430\u0445. \u0414\u0438\u043b\u0435\u0440\u0441\u043a\u0430\u044f \u0441\u0435\u0442\u044c \u0438 \u0441\u0435\u0442\u044c \u0430\u0432\u0442\u043e\u0440\u0438\u0437\u043e\u0432\u0430\u043d\u043d\u044b\u0445 \u0441\u0435\u0440\u0432\u0438\u0441\u043d\u044b\u0445 \u0441\u0442\u0430\u043d\u0446\u0438\u0439 \u0433\u0440\u0443\u0437\u043e\u0432\u043e\u0439 \u0442\u0435\u0445\u043d\u0438\u043a\u0438 Mercedes-Benz \u043e\u0445\u0432\u0430\u0442\u044b\u0432\u0430\u0435\u0442 \u043a\u0440\u0443\u043f\u043d\u0435\u0439\u0448\u0438\u0435 \u0433\u043e\u0440\u043e\u0434\u0430 \u0426\u0435\u043d\u0442\u0440\u0430\u043b\u044c\u043d\u043e\u0439 \u0420\u043e\u0441\u0441\u0438\u0438, \u0421\u0438\u0431\u0438\u0440\u0438, \u0414\u0430\u043b\u044c\u043d\u0435\u0433\u043e \u0412\u043e\u0441\u0442\u043e\u043a\u0430 \u0438 \u043f\u0440\u043e\u0434\u043e\u043b\u0436\u0430\u0435\u0442 \u0438\u043d\u0442\u0435\u043d\u0441\u0438\u0432\u043d\u043e \u0440\u0430\u0441\u0448\u0438\u0440\u044f\u0442\u0441\u044f \u0432\u043e \u0432\u0441\u0435\u0445 \u0440\u0435\u0433\u0438\u043e\u043d\u0430\u0445 \u0420\u043e\u0441\u0441\u0438\u0438. \u0414\u043b\u044f \u043c\u0435\u0436\u0434\u0443\u043d\u0430\u0440\u043e\u0434\u043d\u044b\u0445 \u043f\u0435\u0440\u0435\u0432\u043e\u0437\u0447\u0438\u043a\u043e\u0432 \u0441\u0432\u043e\u0438 \u0443\u0441\u043b\u0443\u0433\u0438 \u043f\u0440\u0435\u0434\u043b\u0430\u0433\u0430\u0435\u0442 \u043a\u0440\u0443\u043f\u043d\u0435\u0439\u0448\u0430\u044f \u0441\u0435\u0442\u044c \u0441\u0435\u0440\u0432\u0438\u0441\u043d\u044b\u0445 \u0441\u0442\u0430\u043d\u0446\u0438\u0439 Mercedes-Benz \u0432 \u0415\u0432\u0440\u043e\u043f\u0435, \u0440\u0430\u0431\u043e\u0442\u0430\u044e\u0449\u0438\u0445 \u043a\u0440\u0443\u0433\u043b\u043e\u0441\u0443\u0442\u043e\u0447\u043d\u043e \u0441\u0435\u043c\u044c \u0434\u043d\u0435\u0439 \u0432 \u043d\u0435\u0434\u0435\u043b\u044e.", "date_added": "2020-09-17T09:21:09.022Z", "legal_form": 1, "status": "Unknown", "manager": 2, "discounts": [16]}}, {"model": "leads.company", "pk": 28, "fields": {"title": "\u0424\u043e\u0440\u0435\u0441\u0438\u044f \u0410\u0443\u0442\u043e\u043c\u043e\u0442\u0438\u0432 \u0414\u0435\u0432\u0435\u043b\u043e\u043f\u043c\u0435\u043d\u0442", "title_latin": "Faurecia", "website": "http://www.faurecia.ru/", "about": "\u041a\u0430\u043b\u0443\u0433\u0430, \u0422\u043e\u043b\u044c\u044f\u0442\u0442\u0438, \u0421\u0430\u043d\u043a\u0442-\u041f\u0435\u0442\u0435\u0440\u0431\u0443\u0440\u0433, \u041b\u0443\u0433\u0430\r\n\u041c\u0435\u0436\u0434\u0443\u043d\u0430\u0440\u043e\u0434\u043d\u0430\u044f \u043a\u043e\u043c\u043f\u0430\u043d\u0438\u044f \u043f\u043e \u043f\u0440\u043e\u0438\u0437\u0432\u043e\u0434\u0441\u0442\u0432\u0443 \u0430\u0432\u0442\u043e\u043c\u043e\u0431\u0438\u043b\u044c\u043d\u044b\u0445 \u043a\u043e\u043c\u043f\u043e\u043d\u0435\u043d\u0442\u043e\u0432.", "date_added": "2020-09-17T09:45:18.555Z", "legal_form": 1, "status": "Inactive", "manager": 2, "discounts": [16]}}, {"model": "leads.company", "pk": 29, "fields": {"title": "\u041a\u0420\u041e\u041a \u0438\u043d\u043a\u043e\u0440\u043f\u043e\u0440\u0435\u0439\u0442\u0435\u0434", "title_latin": "CROC", "website": "https://www.croc.ru/", "about": "\u041c\u0435\u0436\u0434\u0443\u043d\u0430\u0440\u043e\u0434\u043d\u0430\u044f \u0418\u0422-\u043a\u043e\u043c\u043f\u0430\u043d\u0438\u044f, \u043e\u0434\u0438\u043d \u0438\u0437 \u043b\u0438\u0434\u0435\u0440\u043e\u0432 \u0440\u043e\u0441\u0441\u0438\u0439\u0441\u043a\u043e\u0433\u043e \u0440\u044b\u043d\u043a\u0430 \u0438\u043d\u0444\u043e\u0440\u043c\u0430\u0446\u0438\u043e\u043d\u043d\u044b\u0445 \u0442\u0435\u0445\u043d\u043e\u043b\u043e\u0433\u0438\u0439. \u041a\u043e\u043c\u043f\u0430\u043d\u0438\u044f \u0440\u0435\u0430\u043b\u0438\u0437\u0443\u0435\u0442 \u043f\u0440\u043e\u0435\u043a\u0442\u044b \u0432 40 \u0441\u0442\u0440\u0430\u043d\u0430\u0445 \u043c\u0438\u0440\u0430 \u0438 \u0437\u0430\u043d\u0438\u043c\u0430\u0435\u0442\u0441\u044f \u043f\u0440\u0435\u0434\u043e\u0441\u0442\u0430\u0432\u043b\u0435\u043d\u0438\u0435\u043c \u0443\u0441\u043b\u0443\u0433 \u0432 \u043e\u0431\u043b\u0430\u0441\u0442\u0438 \u0441\u0438\u0441\u0442\u0435\u043c\u043d\u043e\u0439 \u0438\u043d\u0442\u0435\u0433\u0440\u0430\u0446\u0438\u0438, \u043a\u043e\u043d\u0441\u0430\u043b\u0442\u0438\u043d\u0433\u0430, \u0442\u0438\u0440\u0430\u0436\u0438\u0440\u0443\u0435\u043c\u044b\u0445 \u043f\u0440\u043e\u0434\u0443\u043a\u0442\u043e\u0432, \u0443\u043f\u0440\u0430\u0432\u043b\u044f\u0435\u043c\u044b\u0445 B2B-\u0441\u0435\u0440\u0432\u0438\u0441\u043e\u0432, \u043f\u0435\u0440\u0441\u043f\u0435\u043a\u0442\u0438\u0432\u043d\u044b\u0445 \u0441\u043a\u0432\u043e\u0437\u043d\u044b\u0445 \u0442\u0435\u0445\u043d\u043e\u043b\u043e\u0433\u0438\u0439 - Big Data, \u0431\u043b\u043e\u043a\u0447\u0435\u0439\u043d, \u0438\u0441\u043a\u0443\u0441\u0441\u0442\u0432\u0435\u043d\u043d\u044b\u0439 \u0438\u043d\u0442\u0435\u043b\u043b\u0435\u043a\u0442, \u0432\u0438\u0440\u0442\u0443\u0430\u043b\u044c\u043d\u0430\u044f \u0438 \u0434\u043e\u043f\u043e\u043b\u043d\u0435\u043d\u043d\u0430\u044f \u0440\u0435\u0430\u043b\u044c\u043d\u043e\u0441\u0442\u044c, \u0438\u043d\u0442\u0435\u0440\u043d\u0435\u0442 \u0432\u0435\u0449\u0435\u0439, \u0440\u043e\u0431\u043e\u0442\u0438\u0437\u0430\u0446\u0438\u044f, \u043c\u0430\u0448\u0438\u043d\u043d\u043e\u0435 \u043e\u0431\u0443\u0447\u0435\u043d\u0438\u0435. \u0412\u043b\u0430\u0434\u0435\u044f \u0441\u043e\u0431\u0441\u0442\u0432\u0435\u043d\u043d\u043e\u0439 \u0441\u0435\u0442\u044c\u044e \u0434\u0430\u0442\u0430-\u0446\u0435\u043d\u0442\u0440\u043e\u0432, \u043a\u043e\u043c\u043f\u0430\u043d\u0438\u044f \u0440\u0430\u0431\u043e\u0442\u0430\u0435\u0442 \u043d\u0430 \u0440\u044b\u043d\u043a\u0435 \u043e\u0431\u043b\u0430\u0447\u043d\u044b\u0445 \u0441\u0435\u0440\u0432\u0438\u0441\u043e\u0432 \u0438 \u0443\u0441\u043b\u0443\u0433 \u0426\u041e\u0414.", "date_added": "2020-09-22T10:06:00.799Z", "legal_form": 3, "status": "Inactive", "manager": 2, "discounts": [16]}}, {"model": "leads.company", "pk": 30, "fields": {"title": "\u0410\u0432\u0442\u043e\u0434\u0438\u0437\u0435\u043b\u044c", "title_latin": "Avtodizel", "website": "https://www.ymzmotor.ru/", "about": "\u042f\u0440\u043e\u0441\u043b\u0430\u0432\u0441\u043a\u0438\u0439 \u043c\u043e\u0442\u043e\u0440\u043d\u044b\u0439 \u0437\u0430\u0432\u043e\u0434 (\u00ab\u042f\u041c\u0417\u00bb) \u2013 \u043e\u0434\u043d\u043e \u0438\u0437 \u043a\u0440\u0443\u043f\u043d\u0435\u0439\u0448\u0438\u0445 \u0440\u043e\u0441\u0441\u0438\u0439\u0441\u043a\u0438\u0445 \u043f\u0440\u0435\u0434\u043f\u0440\u0438\u044f\u0442\u0438\u0439 \u043f\u043e \u043f\u0440\u043e\u0438\u0437\u0432\u043e\u0434\u0441\u0442\u0432\u0443 \u0434\u0438\u0437\u0435\u043b\u044c\u043d\u044b\u0445 \u0434\u0432\u0438\u0433\u0430\u0442\u0435\u043b\u0435\u0439 \u043c\u043d\u043e\u0433\u043e\u0446\u0435\u043b\u0435\u0432\u043e\u0433\u043e \u043d\u0430\u0437\u043d\u0430\u0447\u0435\u043d\u0438\u044f, \u0441\u0446\u0435\u043f\u043b\u0435\u043d\u0438\u0439, \u043a\u043e\u0440\u043e\u0431\u043e\u043a \u043f\u0435\u0440\u0435\u0434\u0430\u0447, \u0437\u0430\u043f\u0430\u0441\u043d\u044b\u0445 \u0447\u0430\u0441\u0442\u0435\u0439 \u043a \u043d\u0438\u043c, \u0430 \u0442\u0430\u043a\u0436\u0435 \u0441\u0442\u0430\u0446\u0438\u043e\u043d\u0430\u0440\u043d\u044b\u0445 \u0430\u0433\u0440\u0435\u0433\u0430\u0442\u043e\u0432 \u043d\u0430 \u0438\u0445 \u0431\u0430\u0437\u0435.\r\n\u041e\u041e\u041e \u00ab\u0421-\u0422\u0435\u0445\u043d\u0438\u043a\u0430\u00bb \u0440\u0430\u0431\u043e\u0442\u0430\u0435\u0442 \u0441 \u041f\u0410\u041e \u00ab\u042f\u041c\u0417\u00bb.\r\n\u041e\u041e\u041e \u00ab\u041a\u043e\u0441\u043c\u043e\u0441 \u0420\u0423\u0421\u00bb \u0440\u0430\u0431\u043e\u0442\u0430\u0435\u0442 \u0441 \u041f\u0410\u041e \u00ab\u042f\u041c\u0417\u00bb \u043f\u043e \u043d\u0430\u043f\u0440\u0430\u0432\u043b\u0435\u043d\u0438\u044f\u043c (\u0434\u0430\u044e\u0442 \u0445\u043e\u0440\u043e\u0448\u0438\u0435 \u0443\u0441\u043b\u043e\u0432\u0438\u044f):\r\n\u2022 \u041f\u043e\u0441\u0442\u0430\u0432\u043a\u0430\r\n\u2022 \u0421\u0435\u0440\u0432\u0438\u0441", "date_added": "2020-09-23T08:44:49.504Z", "legal_form": 5, "status": "Unknown", "manager": 2, "discounts": [16]}}, {"model": "leads.company", "pk": 31, "fields": {"title": "\u0421-\u0422\u0435\u0445\u043d\u0438\u043a\u0430", "title_latin": "S-Technik", "website": "http://s-technik.ru/", "about": "\u041a\u043e\u043c\u043f\u0430\u043d\u0438\u044f \u043e\u0440\u0433\u0430\u043d\u0438\u0437\u043e\u0432\u0430\u043d\u043d\u0430\u044f \u0431\u044b\u0432\u0448\u0438\u043c\u0438 \u0441\u043e\u0442\u0440\u0443\u0434\u043d\u0438\u043a\u0430\u043c\u0438 \u0421\u0430\u043c\u0430\u0440\u0441\u043a\u043e\u0433\u043e \u043e\u0444\u0438\u0441\u0430 \u041e\u041e\u041e \u00ab\u0411\u043e\u0448 \u0420\u0435\u043a\u0441\u0440\u043e\u0442\u00bb. \u0421\u0435\u0439\u0447\u0430\u0441 \u044f\u0432\u043b\u044f\u0435\u0442\u0441\u044f \u0434\u0438\u043b\u0435\u0440\u043e\u043c.\r\n\u0414\u043e\u043f\u043e\u043b\u043d\u0438\u0442\u0435\u043b\u044c\u043d\u044b\u0439 \u0432\u0438\u0434 \u0434\u0435\u044f\u0442\u0435\u043b\u044c\u043d\u043e\u0441\u0442\u0438 - \u043e\u043a\u0430\u0437\u0430\u043d\u0438\u0435 \u0443\u0441\u043b\u0443\u0433 \u043f\u043e \u043f\u0440\u043e\u0435\u043a\u0442\u0438\u0440\u043e\u0432\u0430\u043d\u0438\u044e \u0438 \u0438\u0437\u0433\u043e\u0442\u043e\u0432\u043b\u0435\u043d\u0438\u044e \u0433\u0438\u0434\u0440\u043e\u0441\u0442\u0430\u043d\u0446\u0438\u0439 \u043f\u043e \u0442\u0435\u0445\u043d\u0438\u0447\u0435\u0441\u043a\u043e\u043c\u0443 \u0437\u0430\u0434\u0430\u043d\u0438\u044e \u0437\u0430\u043a\u0430\u0437\u0447\u0438\u043a\u0430 \u0438 \u043c\u043e\u0434\u0435\u0440\u043d\u0438\u0437\u0430\u0446\u0438\u0438 \u043f\u0440\u043e\u043c\u044b\u0448\u043b\u0435\u043d\u043d\u043e\u0433\u043e \u043e\u0431\u043e\u0440\u0443\u0434\u043e\u0432\u0430\u043d\u0438\u044f.", "date_added": "2020-09-23T08:47:45.296Z", "legal_form": 1, "status": "Unknown", "manager": 2, "discounts": [16]}}, {"model": "leads.company", "pk": 32, "fields": {"title": "Some NICE CompanY", "title_latin": null, "website": null, "about": "test", "date_added": "2020-09-23T18:57:43.262Z", "legal_form": 1, "status": "Unknown", "manager": 3, "discounts": [16]}}, {"model": "leads.company", "pk": 33, "fields": {"title": "\u041a\u043e\u0440\u043f\u043e\u0440\u0430\u0446\u0438\u044f \u00ab\u0418\u0440\u043a\u0443\u0442\u00bb", "title_latin": "Irkut", "website": "https://www.irkut.com/", "about": "\u041f\u0410\u041e \u00ab\u041d\u0430\u0443\u0447\u043d\u043e-\u043f\u0440\u043e\u0438\u0437\u0432\u043e\u0434\u0441\u0442\u0432\u0435\u043d\u043d\u0430\u044f \u043a\u043e\u0440\u043f\u043e\u0440\u0430\u0446\u0438\u044f \u00ab\u0418\u0440\u043a\u0443\u0442\u00bb (\u041f\u0410\u041e \u00ab\u041a\u043e\u0440\u043f\u043e\u0440\u0430\u0446\u0438\u044f \u00ab\u0418\u0440\u043a\u0443\u0442\u00bb) \u2013 \u0438\u043d\u0442\u0435\u0433\u0440\u0438\u0440\u043e\u0432\u0430\u043d\u043d\u043e\u0435 \u043f\u0440\u0435\u0434\u043f\u0440\u0438\u044f\u0442\u0438\u0435, \u043e\u0431\u0435\u0441\u043f\u0435\u0447\u0438\u0432\u0430\u044e\u0449\u0435\u0435 \u043f\u043e\u043b\u043d\u044b\u0439 \u0446\u0438\u043a\u043b \u0440\u0430\u0431\u043e\u0442 \u043f\u043e \u043f\u0440\u043e\u0435\u043a\u0442\u0438\u0440\u043e\u0432\u0430\u043d\u0438\u044e, \u0438\u0441\u043f\u044b\u0442\u0430\u043d\u0438\u044f\u043c, \u043f\u0440\u043e\u0438\u0437\u0432\u043e\u0434\u0441\u0442\u0432\u0443, \u043c\u0430\u0440\u043a\u0435\u0442\u0438\u043d\u0433\u0443, \u0440\u0435\u0430\u043b\u0438\u0437\u0430\u0446\u0438\u0438 \u0438 \u043f\u043e\u0441\u043b\u0435\u043f\u0440\u043e\u0434\u0430\u0436\u043d\u043e\u043c\u0443 \u043e\u0431\u0441\u043b\u0443\u0436\u0438\u0432\u0430\u043d\u0438\u044e \u0430\u0432\u0438\u0430\u0446\u0438\u043e\u043d\u043d\u043e\u0439 \u0442\u0435\u0445\u043d\u0438\u043a\u0438 \u0432\u043e\u0435\u043d\u043d\u043e\u0433\u043e \u0438 \u0433\u0440\u0430\u0436\u0434\u0430\u043d\u0441\u043a\u043e\u0433\u043e \u043d\u0430\u0437\u043d\u0430\u0447\u0435\u043d\u0438\u044f.\r\n\u0412\u0445\u043e\u0434\u0438\u0442 \u0432 \u0441\u043e\u0441\u0442\u0430\u0432 \u041f\u0410\u041e \u00ab\u041e\u0431\u044a\u0435\u0434\u0438\u043d\u0451\u043d\u043d\u0430\u044f \u0430\u0432\u0438\u0430\u0441\u0442\u0440\u043e\u0438\u0442\u0435\u043b\u044c\u043d\u0430\u044f \u043a\u043e\u0440\u043f\u043e\u0440\u0430\u0446\u0438\u044f\u00bb.", "date_added": "2020-09-24T09:15:12.044Z", "legal_form": 5, "status": "Inactive", "manager": 3, "discounts": [16]}}, {"model": "leads.company", "pk": 34, "fields": {"title": "\u041c\u043e\u0431\u0438\u0441 \u041c\u043e\u0434\u0443\u043b\u044c \u0421\u041d\u0413", "title_latin": "Mobis Module CIS", "website": "https://www.mobiscis.ru/", "about": "\u041a\u043e\u043c\u043f\u0430\u043d\u0438\u044f MOBIS, \u043e\u0441\u043d\u043e\u0432\u0430\u043d\u043d\u0430\u044f \u0432 \u0438\u044e\u043b\u0435 1977 \u0433\u043e\u0434\u0430,  \u0432\u0445\u043e\u0434\u0438\u0442 \u0432 \u0433\u0440\u0443\u043f\u043f\u0443 \u043a\u043e\u043c\u043f\u0430\u043d\u0438\u0439 Hyundai&Kia \u0438 \u044f\u0432\u043b\u044f\u0435\u0442\u0441\u044f \u043a\u0440\u0443\u043f\u043d\u0435\u0439\u0448\u0435\u0439 \u043a\u043e\u043c\u043f\u0430\u043d\u0438\u0435\u0439 \u0432 \u042e\u0436\u043d\u043e\u0439 \u041a\u043e\u0440\u0435\u0435 \u043f\u043e \u0440\u0430\u0437\u0440\u0430\u0431\u043e\u0442\u043a\u0435, \u043f\u0440\u043e\u0438\u0437\u0432\u043e\u0434\u0441\u0442\u0432\u0443 \u0438 \u0440\u0430\u0441\u043f\u0440\u043e\u0441\u0442\u0440\u0430\u043d\u0435\u043d\u0438\u044e \u0430\u0432\u0442\u043e\u043a\u043e\u043c\u043f\u043e\u043d\u0435\u043d\u0442\u043e\u0432 \u0434\u043b\u044f \u0430\u0432\u0442\u043e\u043c\u043e\u0431\u0438\u043b\u0435\u0439 Hyundai \u0438 Kia.\r\n\u0417\u0430\u043a\u0430\u0437\u0447\u0438\u043a \u041a\u043e\u0441\u043c\u043e\u0441 \u0420\u0423\u0421.", "date_added": "2020-09-24T12:42:33.027Z", "legal_form": 1, "status": "Unknown", "manager": 2, "discounts": [16]}}, {"model": "leads.company", "pk": 35, "fields": {"title": "\u041f\u0440\u043e\u043c\u044d\u043b\u0435\u043a\u0442\u0440\u043e\u043d\u0438\u043a\u0430", "title_latin": "Promelectronica", "website": "http://www.promel48.ru/", "about": "\u041f\u0430\u0440\u0442\u043d\u0435\u0440 \u0440\u0435\u0433\u0438\u043e\u043d\u0430\u043b\u044c\u043d\u043e\u0433\u043e \u043f\u0440\u0435\u0434\u0441\u0442\u0430\u0432\u0438\u0442\u0435\u043b\u044c\u0441\u0442\u0432\u0430 OCS.\r\n\u042f\u0432\u043b\u044f\u0435\u0442\u0441\u044f \u043f\u043e\u0434\u0440\u044f\u0434\u0447\u0438\u043a\u043e\u043c \u041d\u041b\u041c\u041a \u043d\u0430 \u043f\u0440\u043e\u0442\u044f\u0436\u0435\u043d\u0438\u0438 8 \u043b\u0435\u0442.", "date_added": "2020-10-05T10:02:13.015Z", "legal_form": 1, "status": "Inactive", "manager": 2, "discounts": [16]}}, {"model": "leads.company", "pk": 36, "fields": {"title": "\u041e\u043f\u0442\u0438\u043c\u043a\u0440\u0430\u043d", "title_latin": "Uralkran", "website": "http://www.uralkran.ru/", "about": "\u0412\u0445\u043e\u0434\u0438\u0442 \u0432 \u0413\u041a \u00ab\u0423\u0420\u0410\u041b\u041a\u0420\u0410\u041d\u00bb.", "date_added": "2020-10-07T13:38:38.658Z", "legal_form": 1, "status": "Inactive", "manager": 2, "discounts": [1]}}, {"model": "leads.company", "pk": 37, "fields": {"title": "\u0421\u0438\u0431\u0438\u0440\u044c-\u0418\u043d\u0442\u0435\u0433\u0440\u0430", "title_latin": null, "website": null, "about": "\u041a\u043e\u043c\u043f\u0430\u043d\u0438\u044f \u0440\u0430\u043d\u044c\u0448\u0435 \u0437\u0430\u043d\u0438\u043c\u0430\u043b\u0430\u0441\u044c \u043c\u043e\u043d\u0442\u0430\u0436\u043e\u043c \u0441\u043b\u0430\u0431\u043e\u0442\u043e\u0447\u043d\u044b\u0445 \u0441\u0438\u0441\u0442\u0435\u043c.\r\n\u0422\u0435\u043f\u0435\u0440\u044c \u0438\u043c\u0435\u0435\u0442 \u0438 \u043e\u0442\u0434\u0435\u043b \u043f\u0440\u043e\u0435\u043a\u0442\u0438\u0440\u043e\u0432\u0430\u043d\u0438\u044f \u0441\u0438\u0441\u0442\u0435\u043c \u0430\u0432\u0442\u043e\u043c\u0430\u0442\u0438\u0437\u0430\u0446\u0438\u0438 \u0437\u0434\u0430\u043d\u0438\u0439.", "date_added": "2020-10-16T11:04:23.586Z", "legal_form": 1, "status": "Unknown", "manager": 2, "discounts": [16]}}, {"model": "leads.company", "pk": 38, "fields": {"title": "\u042e\u041a \u0418\u043d\u0436\u0438\u043d\u0438\u0440\u0438\u043d\u0433", "title_latin": "Unicons", "website": "http://www.unicons.ru/", "about": "\u0422\u0443\u0440\u043a\u0438, \u0417\u0430\u0432\u044f\u0437\u0430\u043d\u044b \u043d\u0430 Siemens.\r\n\u0421\u0432\u044f\u0437\u0430\u043d\u044b \u0441 Reneissance.", "date_added": "2020-10-22T09:14:47.764Z", "legal_form": 1, "status": "Inactive", "manager": 2, "discounts": [16]}}, {"model": "leads.company", "pk": 39, "fields": {"title": "\u0410\u0440\u043a\u0442\u0438\u043a\u0430 \u0413\u0440\u0443\u043f\u043f", "title_latin": "Arktika Group", "website": "http://www.arktika.ru/", "about": "\u041f\u0440\u043e\u0438\u0437\u0432\u043e\u0434\u0438\u0442\u0435\u043b\u044c \u0432\u0435\u043d\u0442\u0438\u043b\u044f\u0446\u0438\u043e\u043d\u043d\u044b\u0445 \u0443\u0441\u0442\u0430\u043d\u043e\u0432\u043e\u043a \u0438 \u0440\u0435\u0448\u0435\u043d\u0438\u0439 \u0434\u043b\u044f \u043a\u043b\u0438\u043c\u0430\u0442\u0430.\r\n\u0421\u043f\u0435\u0446\u0438\u0430\u043b\u044c\u043d\u044b\u0435 \u0443\u0441\u043b\u043e\u0432\u0438\u044f:\r\n\u2022 \u0421\u043a\u0438\u0434\u043a\u0430 54% (\u043f\u0440\u0438 \u0441\u0443\u043c\u043c\u0435 \u0437\u0430\u043a\u0430\u0437\u0430 \u0441\u0432\u044b\u0448\u0435 10.000 EUR)\r\n\u2022 \u0421\u043a\u0438\u0434\u043a\u0430 52% (\u043f\u0440\u0438 \u0441\u0443\u043c\u043c\u0435 \u0437\u0430\u043a\u0430\u0437\u0430 \u0434\u043e 10.000 EUR)", "date_added": "2020-10-23T14:59:04.168Z", "legal_form": 1, "status": "Active", "manager": 2, "discounts": [1]}}, {"model": "business.event", "pk": 3, "fields": {"title": "TEL", "date": "2020-08-30T21:00:00Z", "description": "\u0410\u0440\u043c\u0430\u043d: \u0440\u0430\u0441\u0441\u043a\u0430\u0437\u0430\u043b \u043e \u043f\u0440\u043e\u0435\u043a\u0442\u0435 \u043d\u0430 \u0410\u0432\u0442\u043e\u0412\u0410\u0417 \u0438 COMAU", "project": 2, "manager": 2, "company": [5], "person": [4]}}, {"model": "business.event", "pk": 4, "fields": {"title": "ORDER", "date": "2019-09-23T21:00:00Z", "description": "\u042d\u0442\u0430\u043f 1. \u041f\u0435\u0440\u0432\u0430\u044f \u0447\u0430\u0441\u0442\u044c \u0437\u0430\u043a\u0430\u0437\u0430 \u043a\u0440\u0443\u043f\u043d\u043e\u0433\u043e \u043f\u0440\u043e\u0435\u043a\u0442\u0430 \u0410\u0432\u0442\u043e\u0412\u0410\u0417 \u0438 Comau", "project": 2, "manager": 2, "company": [5, 7, 8], "person": [4]}}, {"model": "business.event", "pk": 5, "fields": {"title": "TEL", "date": "2020-09-02T21:00:00Z", "description": "\u0412\u044f\u0447\u0435\u0441\u043b\u0430\u0432: \u043d\u0435\u043e\u0431\u0445\u043e\u0434\u0438\u043c\u043e \u043d\u0430\u043f\u0440\u0430\u0432\u0438\u0442\u044c \u043f\u0440\u0430\u0439\u0441-\u043b\u0438\u0441\u0442 \u043d\u0430 \u043e\u0441\u043d\u043e\u0432\u043d\u044b\u0435 \u043f\u043e\u0437\u0438\u0446\u0438\u0438 (\u041f\u041b\u041a + 3 IO). \u041e\u0431\u044a\u0435\u043c 12 \u0426\u041e\u0414 \u043f\u043e 1 \u041f\u041b\u041a \u0432 \u043a\u0430\u0436\u0434\u043e\u043c \u0438 \u043c\u0438\u043d\u0438\u043c\u0430\u043b\u044c\u043d\u044b\u0439 \u043d\u0430\u0431\u043e\u0440 \u0431\u043b\u043e\u043a\u043e\u0432 IO. Tele-2 \u0441\u0438\u043b\u044c\u043d\u043e \u043f\u044b\u0442\u0430\u0435\u0442\u0441\u044f \u0443\u0440\u0435\u0437\u0430\u0442\u044c \u0431\u044e\u0434\u0436\u0435\u0442. \u0420\u0430\u0441\u0441\u043c\u0430\u0442\u0440\u0438\u0432\u0430\u0435\u0442\u0441\u044f VAG \u0438\u043b\u0438 Bosch.", "project": 4, "manager": 2, "company": [10], "person": [6]}}, {"model": "business.event", "pk": 6, "fields": {"title": "TEL", "date": "2017-03-06T21:00:00Z", "description": "\u0421\u043e\u043d\u043d\u044b\u0445 \u041c. \u043f\u0440\u0438\u0433\u043b\u0430\u0441\u0438\u043b \u043d\u0430 \u0432\u0441\u0442\u0440\u0435\u0447\u0443 \u0441 \u043f\u043e\u0434\u0440\u044f\u0434\u0447\u0438\u043a\u0430\u043c\u0438 \u043f\u043e \u044d\u043b\u0435\u043a\u0442\u0440\u043e\u043e\u0431\u043e\u0440\u0443\u0434\u043e\u0432\u0430\u043d\u0438\u044e \u0441\u0442\u0430\u0434\u0438\u043e\u043d\u0430. \u041a\u043e\u043c\u043f\u0430\u043d\u0438\u044f NED \u043f\u043e\u0441\u0442\u0430\u0432\u043b\u044f\u0435\u0442 \u0432\u0435\u043d\u0442\u0438\u043b\u044f\u0446\u0438\u044e, \u0430 \u0442\u0430\u043a\u0436\u0435 \u0448\u043a\u0430\u0444\u044b \u043a \u043d\u0435\u0439 \u0441 \u041f\u0427 Danfoss FC 51. \u0423\u0447\u0438\u0442\u044b\u0432\u0430\u044f \u0441\u0442\u0440\u0430\u0442\u0435\u0433\u0438\u0447\u0435\u0441\u043a\u0438\u0439 \u0438\u043d\u0442\u0435\u0440\u0435\u0441 \u0441\u043e\u0442\u0440\u0443\u0434\u043d\u0438\u0447\u0435\u0441\u0442\u0432\u0430 \u043f\u043e\u0434\u0440\u044f\u0434\u0447\u0438\u043a\u0430 \u0441 Bosch (\u0430 \u0442\u0430\u043a\u0436\u0435 ST, \u043a\u043e\u0442\u043e\u0440\u044b\u0435 \u043f\u0440\u0438\u0433\u043b\u0430\u0441\u0438\u043b\u0438) \u043f\u043e \u043b\u043e\u0433\u0438\u043a\u0435 \u0438 \u0430\u0432\u0442\u043e\u043c\u0430\u0442\u0438\u0437\u0430\u0446\u0438\u0438, \u0438\u043c \u0438\u043d\u0442\u0435\u0440\u0435\u0441\u043d\u0430 \u043f\u043e\u0441\u0442\u0430\u0432\u043a\u0430 \u041f\u0427 \u043d\u0430 \u044d\u0442\u043e\u0442 \u043e\u0431\u044a\u0435\u043a\u0442 (200 \u0448\u0442. \u043d\u0430 \u043a\u0430\u0436\u0434\u044b\u0439) \u043d\u0430\u043f\u0440\u044f\u043c\u0443\u044e \u043e\u0442 \u0411\u043e\u0448, \u0430 \u043d\u0435 \u043e\u0442 NED. \u0412 \u0447\u0435\u0442\u0432\u0435\u0440\u0433 (09.03.2017) \u0431\u0443\u0434\u0435\u0442 \u043f\u0440\u0435\u0434\u043b\u043e\u0436\u0435\u043d\u043e \u0433\u0435\u043d\u0435\u0440\u0430\u043b\u044c\u043d\u043e\u043c\u0443 \u0437\u0430\u043a\u0430\u0437\u0447\u0438\u043a\u0443.", "project": 5, "manager": 2, "company": [11], "person": [6]}}, {"model": "business.event", "pk": 7, "fields": {"title": "TEL", "date": "2017-03-09T21:00:00Z", "description": "\u0412\u044f\u0447\u0435\u0441\u043b\u0430\u0432: \u0443\u0442\u0432\u0435\u0440\u0434\u0438\u043b\u0438 \u043f\u0440\u0435\u0434\u0432\u0430\u0440\u0438\u0442\u0435\u043b\u044c\u043d\u043e \u0411\u043e\u0448. \u041d\u0430 \u0441\u043e\u0432\u0435\u0449\u0430\u043d\u0438\u0438 \u0441\u043a\u0430\u0437\u0430\u043b, \u0447\u0442\u043e \u043d\u0435 \u0434\u043e\u0432\u0435\u0440\u044f\u044e\u0442 \u0442\u0435\u0445\u043d\u0438\u043a\u0435 Danfoss. NED \u0432 \u043e\u0442\u0432\u0435\u0442 \u043f\u043e\u043f\u044b\u0442\u0430\u043b\u0438\u0441\u044c \u0443\u0431\u0435\u0434\u0438\u0442\u044c, \u0447\u0442\u043e \u0438\u0445 \u0432\u0435\u043d\u0442\u0438\u043b\u044f\u0446\u0438\u043e\u043d\u043d\u044b\u0435 \u0441\u0438\u0441\u0442\u0435\u043c\u044b \u043d\u0435 \u0440\u0430\u0431\u043e\u0442\u0430\u044e\u0442 \u0441 \u0434\u0440\u0443\u0433\u0438\u043c \u041f\u0427, \u043d\u0430 \u0447\u0442\u043e \u0412\u044f\u0447\u0435\u0441\u043b\u0430\u0432 \u0441\u043a\u0430\u0437\u0430\u043b, \u0447\u0442\u043e\u0431\u044b \u043d\u0435 \u043c\u043e\u0440\u043e\u0447\u0438\u043b\u0438 \u0435\u043c\u0443 \u0433\u043e\u043b\u043e\u0432\u0443 \u0438 \u043e\u043d\u0438 \u0445\u043e\u0442\u044f\u0442 \u0440\u0430\u0431\u043e\u0442\u0430\u0442\u044c \u0441 \u0411\u043e\u0448.\r\n\u0421\u0435\u0439\u0447\u0430\u0441 \u043d\u0430 \u0441\u0442\u0430\u0434\u0438\u0438 \u0441\u043e\u0433\u043b\u0430\u0441\u043e\u0432\u0430\u043d\u0438\u044f \u0441 \u043d\u0435\u043c\u0446\u0430\u043c\u0438 \u0441\u043b\u0435\u0434\u0443\u044e\u0449\u0438\u0435 \u0432\u043e\u043f\u0440\u043e\u0441\u044b:\r\n1)\t\u0421\u0440\u043e\u0447\u043d\u043e \u043e\u0431\u0435\u0441\u043f\u0435\u0447\u0438\u0442\u044c \u0433\u0430\u0440\u0430\u043d\u0442\u0438\u044e 5 \u043b\u0435\u0442.\r\n2)\t\u041f\u043e\u043f\u0440\u043e\u0431\u043e\u0432\u0430\u0442\u044c \u0440\u0430\u0437\u0440\u0430\u0431\u043e\u0442\u0430\u0442\u044c \u043a\u043e\u043c\u043f\u043b\u0435\u043a\u0442 NEMA\r\n3)\t\u0421\u0434\u0435\u043b\u0430\u0442\u044c \u0438\u043d\u0442\u0435\u0440\u0435\u0441\u043d\u044b\u0435 \u0446\u0435\u043d\u044b.\r\n\u041c\u0430\u0442\u0438\u0430\u0441 \u0437\u0430\u043f\u0440\u043e\u0441\u0438\u043b \u0441\u043b\u0435\u0434. \u0438\u043d\u0444\u043e\u0440\u043c\u0430\u0446\u0438\u044e \u2013 \u043e\u0431\u0435\u0441\u043f\u0435\u0447\u0438\u0442\u044c \u0432 \u0431\u043b\u0438\u0436\u0430\u0439\u0448\u0435\u0435 \u0432\u0440\u0435\u043c\u044f \u0438 \u043f\u0440\u043e\u0438\u0437\u0432\u0435\u0441\u0442\u0438 \u043f\u043e\u0434\u0431\u043e\u0440 \u041f\u0427:\r\n1)\t\u0422\u0438\u043f \u043c\u043e\u0442\u043e\u0440\u043e\u0432\r\n2)\t\u041a\u043e\u043b\u0438\u0447\u0435\u0441\u0442\u0432\u043e \u0440\u0430\u0431\u043e\u0442\u0430\u044e\u0449\u0438\u0445 \u0447\u0430\u0441\u043e\u0432 (\u0441\u043a\u043e\u0440\u0435\u0435 \u0432\u0441\u0435\u0433\u043e \u0432\u043e \u0432\u0440\u0435\u043c\u044f \u0438\u0433\u0440, \u043d\u043e \u0443\u0437\u043d\u0430\u0442\u044c \u0431\u0443\u0434\u0435\u0442 \u043b\u0438 \u0440\u0430\u0431\u043e\u0442\u0430\u0442\u044c \u0435\u0449\u0435 \u0434\u043e\u043f. \u0441\u043f\u043e\u0440\u0442\u0438\u0432\u043d\u044b\u0435 \u0441\u0435\u043a\u0442\u043e\u0440\u0430).\r\n\u0423\u0437\u043d\u0430\u0442\u044c \u043e\u0431 \u0438\u043d\u0444\u043e\u0440\u043c\u0430\u0446\u0438\u0438 \u0432\u044b\u0448\u0435 \u0443 \u0412\u044f\u0447\u0435\u0441\u043b\u0430\u0432\u0430 \u0438 \u043f\u043e\u043b\u0443\u0447\u0438\u0442\u044c \u0441\u043f\u0435\u0446\u0438\u0444\u0438\u043a\u0430\u0446\u0438\u044e Danfoss.\r\n\u041e\u0440\u0433\u0430\u043d\u0438\u0437\u043e\u0432\u0430\u0442\u044c \u0432\u0441\u0442\u0440\u0435\u0447\u0443 \u0441 NED \u0447\u0435\u0440\u0435\u0437 \u0412\u044f\u0447\u0435\u0441\u043b\u0430\u0432\u0430.", "project": 5, "manager": 2, "company": [11], "person": [6]}}, {"model": "business.event", "pk": 8, "fields": {"title": "EMAIL", "date": "2020-09-02T21:00:00Z", "description": "\u041d\u0430\u043f\u0440\u0430\u0432\u0438\u043b \u0441\u043f\u0438\u0441\u043e\u043a \u0441\u0430\u043c\u044b\u0445 \u0431\u044e\u0434\u0436\u0435\u0442\u043d\u044b\u0445 PLC + IO \u0441\u043e \u0441\u043a\u0438\u0434\u043a\u043e\u0439 45%. \u0416\u0434\u0435\u043c \u0438\u043d\u0444\u043e\u0440\u043c\u0430\u0446\u0438\u0438 \u043f\u043e WAGO.", "project": 4, "manager": 2, "company": [10], "person": [6]}}, {"model": "business.event", "pk": 9, "fields": {"title": "EMAIL", "date": "2020-07-21T21:00:00Z", "description": "\u0418\u0442\u043e\u0433\u043e 12 \u0426\u041e\u0414\u043e\u0432\r\n\r\n\u0421\u043e\u0441\u0442\u0430\u0432 \u0442\u0438\u043f\u043e\u0432\u043e\u0433\u043e \u0426\u041e\u0414\u0430: \r\n\u0428\u043a\u0430\u0444 \u0434\u0438\u0441\u043f\u0435\u0442\u0447\u0435\u0440\u0438\u0437\u0430\u0446\u0438\u0438 - 1 \u0448\u0442\r\n\u041f\u041b\u041a - 1 \u0448\u0442\r\n\u041a\u043e\u043c\u043c\u0443\u0442\u0430\u0442\u043e\u0440 Ethernet 24 \u043a\u043e\u0440\u0442\u0430 - 1 \u0448\u0442\r\n\u041c\u043e\u0434\u0443\u043b\u044c GSM - 1 \u0448\u0442\r\n\r\n\u041c\u043e\u0434\u0443\u043b\u0438 \u0432\u0432\u043e\u0434\u0430/\u0432\u044b\u0432\u043e\u0434\u0430, \u043d\u0435 \u0431\u043e\u043b\u0435\u0435 300 \u043f\u0435\u0440\u0435\u043c\u0435\u043d\u043d\u044b\u0445 \r\n \u0410\u041e, DO, AI, DI \r\n\r\n\u0414\u0430\u0442\u0447\u0438\u043a\u0438 \u043a\u043e\u043d\u0442\u0440\u043e\u043b\u044f \u0442\u0435\u043c\u043f\u0435\u0440\u0430\u0442\u0443\u0440\u044b \u0432\u043e\u0437\u0434\u0443\u0445\u0430 - 10 \u0434\u0430\u0442\u0447\u0438\u043a\u043e\u0432\r\n\u0414\u0430\u0442\u0447\u0438\u043a\u0438 \u043a\u043e\u043d\u0442\u0440\u043e\u043b\u044f \u0442\u0435\u043c\u043f\u0435\u0440\u0430\u0442\u0443\u0440\u044b \u043e\u0431\u043e\u0440\u0443\u0434\u043e\u0432\u0430\u043d\u0438\u044f - (\u0443\u0442\u043e\u0447\u043d\u044f\u0435\u0442\u0441\u044f) \r\n\u0414\u0430\u0442\u0447\u0438\u043a\u0438 \u043a\u043e\u043d\u0442\u0440\u043e\u043b\u044f \u0437\u0430\u0442\u043e\u043f\u043b\u0435\u043d\u0438\u044f - 10 \u0434\u0430\u0442\u0447\u0438\u043a\u043e\u0432 \r\n\u0414\u0430\u0442\u0447\u0438\u043a\u0438 \u043a\u043e\u043d\u0442\u0440\u043e\u043b\u044f \u0432\u043b\u0430\u0436\u043d\u043e\u0441\u0442\u0438 - 3 \u0434\u0430\u0442\u0447\u0438\u043a\u0430 \r\n\u0423\u043b\u0438\u0447\u043d\u0430\u044f \u043c\u0435\u0442\u0435\u043e\u0441\u0442\u0430\u043d\u0446\u0438\u044f - 1 \u0448\u0442 \r\n\r\n\u041e\u0431\u043e\u0440\u0443\u0434\u043e\u0432\u0430\u043d\u0438\u0435, \u043f\u043e\u0434\u043a\u043b\u044e\u0447\u0430\u0435\u043c\u043e\u0435 \u0447\u0435\u0440\u0435\u0437 SNMP (Ethernet), \u043d\u0435 \u0431\u043e\u043b\u0435\u0435 300 \u043f\u0435\u0440\u0435\u043c\u0435\u043d\u043d\u044b\u0445 \r\n\u0414\u0413\u0423, \u0418\u0411\u041f, \u042d\u041f\u0423 (+48 \u0412), \u0418\u043d\u0432\u0435\u0440\u0442\u043e\u0440, \u041a\u043e\u043d\u0434\u0438\u0446\u0438\u043e\u043d\u0435\u0440\u044b - 14 \u0448\u0442 \r\n\r\n\u041e\u0431\u043e\u0440\u0443\u0434\u043e\u0432\u0430\u043d\u0438\u0435, \u043f\u043e\u0434\u043a\u043b\u044e\u0447\u0430\u0435\u043c\u043e\u0435 \u0447\u0435\u0440\u0435\u0437 Modbus (\u0432\u0435\u0440\u043e\u044f\u0442\u043d\u043e RTU), \u043d\u0435 \u0431\u043e\u043b\u0435\u0435 50 \u043f\u0435\u0440\u0435\u043c\u0435\u043d\u043d\u044b\u0445 \r\n\u0422\u041f - 1 \u0448\u0442, \u0413\u0420\u0429 - 2 \u0448\u0442", "project": 4, "manager": 2, "company": [10], "person": [6]}}, {"model": "business.event", "pk": 10, "fields": {"title": "TEL", "date": "2020-09-06T21:00:00Z", "description": "\u0410\u0440\u043c\u0430\u043d: \u0441\u0438\u0442\u0443\u0430\u0446\u0438\u044f \u043d\u0430 \u0440\u044b\u043d\u043a\u0435 \u043e\u0447\u0435\u043d\u044c \u043d\u0435\u043f\u0440\u043e\u0441\u0442\u0430\u044f \u0438 \u0441\u0438\u043b\u044c\u043d\u043e \u043e\u0441\u043b\u043e\u0436\u043d\u044f\u0435\u0442\u0441\u044f \u043a\u0443\u0440\u0441\u043e\u043c \u0432\u0430\u043b\u044e\u0442, \u043a\u043e\u0442\u043e\u0440\u044b\u0439 \u0438\u0433\u0440\u0430\u0435\u0442 \u043d\u0435 \u0432 \u043d\u0430\u0448\u0443 \u043f\u043e\u043b\u044c\u0437\u0443. \u041f\u0440\u043e\u0438\u0437\u0432\u043e\u0434\u0438\u0442\u0435\u043b\u0438 \u0437\u0430\u043a\u043b\u0430\u0434\u044b\u0432\u0430\u043b\u0438 \u0431\u044e\u0434\u0436\u0435\u0442 \u0438\u0437 \u0440\u0430\u0441\u0447\u0435\u0442\u0430, \u0447\u0442\u043e \u043a\u0443\u0440\u0441 \u0431\u0443\u0434\u0435\u0442 \u0432 \u0440\u0430\u0439\u043e\u043d\u0435 70-75 \u0440\u0443\u0431. \u0437\u0430 \u0435\u0432\u0440\u043e, \u044d\u0442\u043e \u043e\u0437\u043d\u0430\u0447\u0430\u0435\u0442, \u0447\u0442\u043e \u0443\u0440\u0435\u0437\u0430\u043d\u043e \u043e\u043a\u043e\u043b\u043e 20%. \u0410\u0432\u0442\u043e\u043f\u0440\u043e\u043c \u0441\u0435\u0439\u0447\u0430\u0441 \u0437\u0430\u0433\u0440\u0443\u0436\u0435\u043d \u043d\u0430 2/3 \u043c\u043e\u0449\u043d\u043e\u0441\u0442\u0438 \u0432\u0432\u0438\u0434\u0443 \u043e\u0433\u0440\u0430\u043d\u0438\u0447\u0435\u043d\u0438\u0439 \u0441\u0432\u044f\u0437\u0430\u043d\u043d\u044b\u0445 \u0441 \u043a\u0430\u0440\u0430\u043d\u0442\u0438\u043d\u043e\u043c. \u0421\u0435\u0439\u0447\u0430\u0441 \u0441\u0442\u0430\u0440\u0430\u044e\u0442\u0441\u044f \u0438\u0441\u043f\u0440\u0430\u0432\u0438\u0442\u044c \u0441\u0438\u0442\u0443\u0430\u0446\u0438\u044e \u043d\u0430 \u0413\u0410\u0417, \u043e\u0434\u043d\u0430\u043a\u043e \u0431\u0435\u0437 \u043f\u043e\u0434\u0434\u0435\u0440\u0436\u043a\u0438 \u0431\u0440\u0435\u043d\u0434\u0430 \u044d\u0442\u043e \u0441\u0434\u0435\u043b\u0430\u0442\u044c \u043e\u0447\u0435\u043d\u044c \u0441\u043b\u043e\u0436\u043d\u043e: \u043e\u043d\u0438 \u0438\u043d\u0438\u0446\u0438\u0438\u0440\u0443\u044e\u0442 \u0438\u043d\u0446\u0438\u0434\u0435\u043d\u0442\u044b, \u0438\u0441\u043f\u043e\u043b\u044c\u0437\u0443\u044f \u043a\u043e\u0442\u043e\u0440\u044b\u0445 \u043c\u043e\u0436\u043d\u043e \u0432\u044b\u0432\u0435\u0441\u0442\u0438 \u043d\u0435\u0434\u043e\u0431\u0440\u043e\u0441\u043e\u0432\u0435\u0441\u0442\u043d\u044b\u0445 \u043a\u043e\u043d\u043a\u0443\u0440\u0435\u043d\u0442\u043e\u0432 \u043d\u0430 \u0447\u0438\u0441\u0442\u0443\u044e \u0432\u043e\u0434\u0443, \u043e\u0442\u043a\u0440\u044b\u0442\u044c \u0433\u043b\u0430\u0437\u0430 \u043c\u0435\u043d\u0435\u0434\u0436\u0435\u0440\u0430\u043c \u0413\u0410\u0417 \u0438 \u0432\u0435\u0440\u043d\u0443\u0442\u044c\u0441\u044f \u043d\u0430 \u043f\u043b\u043e\u0449\u0430\u0434\u043a\u0443 (\u0441\u0435\u0439\u0447\u0430\u0441 Desouter). \u0422\u0430\u043a\u0436\u0435 \u043d\u0430\u043f\u043e\u043c\u043d\u0438\u043b \u043e \u0442\u043e\u043c, \u043a\u0430\u043a \u043f\u0440\u043e\u0438\u0433\u0440\u0430\u043b\u0438 \"\u0410\u0443\u0440\u0443\u0441\" (\u0421\u043e\u043b\u043b\u0435\u0440\u0441) \u043a\u043e\u043d\u043a\u0443\u0440\u0435\u043d\u0442\u0443 Stanly \u0438 Atlas Copco (\u0443 \u043f\u043e\u0441\u043b\u0435\u0434\u043d\u0438\u0445 \u0446\u0435\u043d\u0430 \u0431\u044b\u043b\u0430, \u043a\u0430\u043a \u0437\u0430\u043a\u0443\u043f\u043e\u0447\u043d\u0430\u044f \u0443 \u041a\u043e\u0441\u043c\u043e\u0441). \u0421\u0432\u044f\u0437\u0430\u043d\u043e \u0441 \u043e\u0447\u0435\u043d\u044c \u0432\u044b\u0441\u043e\u043a\u043e\u0439 \u0441\u0442\u043e\u0438\u043c\u043e\u0441\u0442\u044c\u044e NEXO. \u0428\u043f\u0438\u043d\u0434\u0435\u043b\u0438 Rexroth - \u0431\u0435\u0437\u0443\u043f\u0440\u0435\u0447\u043d\u044b - \u043e\u0441\u0442\u0430\u043b\u044c\u043d\u043e\u0435 \u043e\u0447\u0435\u043d\u044c \u0434\u043e\u0440\u043e\u0433\u043e \u0438 \u043d\u0435 \u0432\u0441\u0435\u0433\u0434\u0430 \u043b\u0443\u0447\u0448\u0435 \u043a\u043e\u043d\u043a\u0443\u0440\u0435\u043d\u0442\u0430. Rexroth \u0443\u0441\u0442\u0443\u043f\u0430\u0435\u0442, \u043a\u0430\u043a \u043a\u043e\u043c\u043f\u043b\u0435\u043a\u0441\u043d\u044b\u0439 \u043f\u043e\u0441\u0442\u0430\u0432\u0449\u0438\u043a, \u0442.\u043a. \u0431\u043e\u043b\u044c\u0448\u0438\u043d\u0441\u0442\u0432\u043e \u0443\u0436\u0435 \u0441\u0442\u0430\u0432\u0448\u0438\u0445 \u0431\u0430\u0437\u043e\u0432\u044b\u0445 \u0432\u0435\u0449\u0435\u0439 \u0432 \u043f\u043e\u0440\u0442\u0444\u043e\u043b\u0438\u043e \u043e\u0442\u0441\u0443\u0442\u0441\u0442\u0432\u0443\u0435\u0442. \u041d\u0430 \u043f\u043b\u043e\u0449\u0430\u0434\u043a\u0435 \u0425\u0435\u043d\u0434\u0430\u0439 \u0432\u043e\u043e\u0431\u0449\u0435 \u043d\u0435 \u043c\u043e\u0433\u0443\u0442 \u043f\u0440\u043e\u0434\u0430\u0442\u044c NEXO. \u0420\u0430\u0441\u0441\u043a\u0430\u0437\u0430\u043b, \u043a\u0430\u043a \u0432\u044b\u0438\u0433\u0440\u0430\u043b\u0438 \u0442\u0435\u043d\u0434\u0435\u0440 \u043d\u0430 \u0410\u0432\u0442\u043e\u0442\u043e\u0440 \u0438 \u0437\u0430\u0448\u043b\u0438 \u0441 Atlas Copco, \u0442.\u043a. \u0435\u0441\u043b\u0438 \u0431\u044b \u0430\u0442\u043b\u0430\u0441 \u0442\u0443\u0434\u0430 \u043f\u0440\u0438\u0448\u0435\u043b \u0441\u0430\u043c \u0438\u043b\u0438 \u0447\u0435\u0440\u0435\u0437 \u0441\u0432\u043e\u0438\u0445 \u043f\u0430\u0440\u0442\u043d\u0435\u0440\u043e\u0432, \u0442\u043e Rexroth \u0442\u0430\u043c \u043d\u0435 \u0431\u044b\u043b\u043e \u0431\u044b \u043d\u0438\u043a\u043e\u0433\u0434\u0430. \u0420\u0430\u0441\u0441\u043a\u0430\u0437\u0430\u043b \u043e \u043f\u0440\u043e\u0435\u043a\u0442\u0435 \u043c\u043e\u0434\u0435\u0440\u043d\u0438\u0437\u0430\u0446\u0438\u0438 8-9 \u0441\u0442\u0430\u043d\u0446\u0438\u0439 \u043a\u043e\u0440\u043e\u0431\u043a\u0438 \u043f\u0435\u0440\u0435\u0434\u0430\u0447 \u043d\u0430 \u0410\u0432\u0442\u043e\u0412\u0410\u0417. \u041f\u043e\u043a\u0430 \u0441\u0440\u043e\u043a \u0440\u0435\u0430\u043b\u0438\u0437\u0430\u0446\u0438\u0438 \u043d\u0435\u0438\u0437\u0432\u0435\u0441\u0442\u0435\u043d.", "project": null, "manager": 2, "company": [5], "person": [4]}}, {"model": "business.event", "pk": 11, "fields": {"title": "ORDER", "date": "2020-09-08T21:00:00Z", "description": "\u0420\u0430\u0437\u043c\u0435\u0449\u0435\u043d\u0438\u0435 \u0437\u0430\u043a\u0430\u0437\u0430 \u042d\u0422\u0410\u041f 3. 75.000 EUR. \u0412\u0432\u0438\u0434\u0443 \u0441\u043b\u043e\u0436\u043d\u043e\u0441\u0442\u0435\u0439 \u0441 \u0434\u0438\u0441\u043a\u043e\u043d\u0442\u0438\u0440\u043e\u0432\u0430\u043d\u0438\u0435\u043c Comau \u0432 \u0418\u0442\u0430\u043b\u0438\u0438 (50%), \u043f\u0440\u0435\u0434\u043e\u0441\u0442\u0430\u0432\u043b\u0435\u043d\u0430 \u0441\u043a\u0438\u0434\u043a\u0430 63,28%. \u0417\u0430\u0432\u043e\u0434 \u043f\u0440\u0435\u0434\u043e\u0441\u0442\u0430\u0432\u0438\u043b DCEE-RU \u0441\u043a\u0438\u0434\u043a\u0443 74%.", "project": 2, "manager": 2, "company": [5], "person": [4]}}, {"model": "business.event", "pk": 12, "fields": {"title": "MEET", "date": "2016-07-31T21:00:00Z", "description": "\u041f\u0435\u0440\u0432\u0430\u044f \u0432\u0441\u0442\u0440\u0435\u0447\u0430 \u0440\u0435\u0437\u0443\u043b\u044c\u0442\u0430\u0442\u043e\u043c \u043a\u043e\u0442\u043e\u0440\u043e\u0433\u043e \u0441\u0442\u0430\u043b\u043e \u043d\u0430\u0447\u0430\u043b\u043e \u0441\u043e\u0442\u0440\u0443\u0434\u043d\u0438\u0447\u0435\u0441\u0442\u0432\u0430. \u0415\u0441\u0442\u044c \u0442\u043e\u043b\u044c\u043a\u043e \u043e\u0434\u0438\u043d \u043a\u043b\u0438\u0435\u043d\u0442, \u043a\u043e\u0442\u043e\u0440\u044b\u0439 \u043f\u043e\u0442\u0440\u0435\u0431\u043b\u044f\u0435\u0442 \u043c\u043e\u0434\u0435\u043b\u044c VFC3610-0K40-3P4 \u0432 \u0440\u0430\u0437\u043c\u0435\u0440\u0435 30-50 \u0448\u0442. \u043f\u043e \u0433\u043e\u0434\u0443.\r\n\u0417\u0430\u043d\u0438\u043c\u0430\u044e\u0442\u0441\u044f \u043f\u0440\u043e\u0438\u0437\u0432\u043e\u0434\u0441\u0442\u0432\u043e\u043c \u041f\u041b\u041a, \u0430 \u0442\u0430\u043a\u0436\u0435 \u043f\u0440\u043e\u0435\u043a\u0442\u0430\u043c\u0438. \u0417\u0430\u043a\u0443\u043f\u043a\u0430\u043c\u0438 \u0440\u0435\u0434\u043a\u043e \u0437\u0430\u043d\u0438\u043c\u0430\u044e\u0442\u0441\u044f \u2013 \u043e\u0431\u044b\u0447\u043d\u043e \u043f\u043e\u043a\u0443\u043f\u0430\u0435\u0442 \u0443\u0436\u0435 \u043a\u043b\u0438\u0435\u043d\u0442, \u043a\u043e\u0442\u043e\u0440\u043e\u043c\u0443 \u043e\u043d\u0438 \u0434\u0435\u043b\u0430\u043b\u0438 \u043f\u0440\u043e\u0435\u043a\u0442.\r\n\u0420\u0430\u0431\u043e\u0442\u0430\u044e\u0442 \u0441 Delta 6 \u043b\u0435\u0442. \u041d\u0438\u043a\u0430\u043a\u0438\u0445 \u043d\u0430\u0440\u0435\u043a\u0430\u043d\u0438\u0439 \u043d\u0435\u0442, \u043f\u043e\u044d\u0442\u043e\u043c\u0443 \u043e\u0447\u0435\u043d\u044c \u0434\u043e\u0432\u043e\u043b\u044c\u043d\u044b. \u0414\u043e \u044d\u0442\u043e\u0433\u043e \u0440\u0430\u0431\u043e\u0442\u0430\u043b\u0438 \u0441 Schneider \u2013 \u043d\u0435 \u0434\u043e\u0432\u043e\u043b\u044c\u043d\u044b \u043a\u0430\u0447\u0435\u0441\u0442\u0432\u043e\u043c.\r\n\r\n\u0420\u0430\u0431\u043e\u0442\u0430\u044e\u0442 \u043f\u043e \u0432\u0441\u0435\u0439 \u0420\u043e\u0441\u0441\u0438\u0438. \u0420\u0430\u0431\u043e\u0442\u0430\u044e\u0442 \u0441 \u0411\u043e\u0448 \u0422\u0422.\r\n\r\n\u0418\u043d\u0442\u0435\u0440\u0435\u0441\u0443\u0435\u0442 \u0440\u0435\u0442\u0440\u043e-\u0431\u043e\u043d\u0443\u0441 \u0432 \u043f\u043e\u0434\u043e\u0431\u043d\u044b\u0445 \u0441\u0438\u0442\u0443\u0430\u0446\u0438\u044f\u0445, \u043a\u043e\u0433\u0434\u0430 \u043f\u043e \u043f\u0440\u043e\u0435\u043a\u0442\u0443 \u0431\u044b\u043b\u0430 \u0437\u0430\u043a\u0443\u043f\u043a\u0430. \u0422\u043e\u043b\u044c\u043a\u043e \u0442\u0430\u043a \u0432\u043e\u0437\u043c\u043e\u0436\u043d\u043e \u043a\u0430\u043a\u043e\u0435-\u043b\u0438\u0431\u043e \u0441\u043e\u0442\u0440\u0443\u0434\u043d\u0438\u0447\u0435\u0441\u0442\u0432\u043e.\r\n\u0418\u043d\u0442\u0435\u0440\u0435\u0441\u0443\u0435\u0442 \u0437\u0430\u0448\u0438\u0442\u0430 \u043f\u0440\u043e\u0435\u043a\u0442\u043e\u0432!!!\r\n\u0418\u043d\u0442\u0435\u0440\u0435\u0441\u0443\u0435\u0442 \u043a\u043e\u0433\u0434\u0430 \u043c\u044b \u0438\u0445 \u0440\u0435\u043a\u043e\u043c\u0435\u043d\u0434\u0443\u0435\u043c \u043a\u043b\u0438\u0435\u043d\u0442\u0430\u043c, \u043a\u043e\u0442\u043e\u0440\u044b\u043c \u043d\u0443\u0436\u0435\u043d \u0448\u043a\u0430\u0444 \u0438\u043b\u0438 \u043f\u0440\u043e\u0435\u043a\u0442, \u043d\u043e \u043c\u044b \u044d\u0442\u0438\u043c \u043d\u0435 \u0437\u0430\u043d\u0438\u043c\u0430\u0435\u043c\u0441\u044f.\r\n\u0413\u0430\u0440\u0430\u043d\u0442\u0438\u044f \u0434\u043e\u043b\u0436\u043d\u0430 \u0431\u044b\u0442\u044c \u043d\u0435 \u0431\u043e\u043b\u0435\u0435 \u0433\u043e\u0434\u0430, \u0447\u0442\u043e\u0431\u044b \u043e\u043d\u0438 \u043f\u043e\u0442\u043e\u043c \u043d\u0435 \u043c\u0443\u0447\u0438\u043b\u0438\u0441\u044c.\r\n\r\n\u041d\u0430\u043f\u0440\u0430\u0432\u0438\u0442\u044c \u0442\u0435\u0445. \u043f\u0430\u0440\u0430\u043c\u0435\u0442\u0440\u044b.\r\n\u041d\u0430\u043f\u0440\u0430\u0432\u0438\u0442\u044c \u043f\u0440\u0430\u0439\u0441-\u043b\u0438\u0441\u0442\u044b \u0438 \u0440\u0435\u0444\u0435\u0440\u0435\u043d\u0446\u0438\u0438 (\u0410\u0420\u041a\u0422\u0418\u041a\u0410)\r\n\u0415\u0441\u043b\u0438 \u043f\u043e\u044f\u0432\u043b\u044f\u044e\u0442\u0441\u044f \u043d\u043e\u0432\u0438\u043d\u043a\u0438 \u2013 \u0434\u0435\u0440\u0436\u0430\u0442\u044c \u0432 \u043a\u0443\u0440\u0441\u0435. \u0422\u0430\u043a\u0436\u0435 \u0441\u043f\u0440\u043e\u0441\u0438\u0442\u044c, \u043d\u0443\u0436\u043d\u0430 \u043b\u0438 \u0438\u043d\u0444\u0430 \u043f\u043e \u0441\u043a\u043b\u0430\u0434\u0443 (\u0443\u043a\u0430\u0437\u0430\u0442\u044c, \u0447\u0442\u043e \u0432\u0441\u0435 \u0434\u0435\u0440\u0436\u0438\u043c).\r\n\u041e\u0442\u0432\u0435\u0442\u0438\u0442\u044c \u043f\u043e \u043f\u0440\u0435\u0434\u043b\u043e\u0436\u0435\u043d\u0438\u044e \u0443\u0447\u0430\u0441\u0442\u0438\u044f \u0432 \u0432\u044b\u0441\u0442\u0430\u0432\u043a\u0435 \u0413\u0430\u0437 \u041d\u0435\u0444\u0442\u044c.\r\n\r\n23.08.16 \u041e\u0431\u0441\u0443\u0434\u0438\u0432 \u0441 \u041c\u0430\u043a\u0441\u0438\u043c\u043e\u043c \u0441\u0434\u0435\u043b\u0430\u043b\u0438 \u0432\u044b\u0432\u043e\u0434 \u0438 \u0440\u0435\u0448\u0435\u043d\u0438\u0435 \u0434\u043b\u044f \u043c\u043e\u0442\u0438\u0432\u0430\u0446\u0438\u0438 \u0437\u0430\u043a\u0430\u0437\u0447\u0438\u043a\u0430 \u043a\u0430\u043a \u00ab\u043f\u0440\u043e\u0435\u043a\u0442\u043d\u043e\u0433\u043e \u0438\u043d\u0441\u0442\u0438\u0442\u0443\u0442\u0430\u00bb/\u0441\u0438\u0441\u0442\u0435\u043c\u043d\u043e\u0433\u043e \u0438\u043d\u0442\u0435\u0433\u0440\u0430\u0442\u043e\u0440\u0430.\r\n\r\n1)\t\u0423\u0437\u043d\u0430\u0442\u044c \u043a\u0430\u043a \u0438 \u043f\u043e\u0447\u0435\u043c\u0443 \u0440\u0430\u0431\u043e\u0442\u0430\u044e\u0442 \u0441 \u0442\u0435\u043a\u0443\u0449\u0438\u043c \u0437\u0430\u043a\u0430\u0437\u0447\u0438\u043a\u043e\u043c \u2013 \u0447\u0442\u043e \u0441 \u044d\u0442\u043e\u0433\u043e \u0438\u043c\u0435\u044e\u0442 \u0432 \u0444\u0438\u043d\u0430\u043d\u0441\u043e\u0432\u043e\u043c \u044d\u043a\u0432\u0438\u0432\u0430\u043b\u0435\u043d\u0442\u0435.\r\n2)\t\u041c\u044b \u0431\u0443\u0434\u0435\u043c \u0440\u0435\u043a\u043e\u043c\u0435\u043d\u0434\u043e\u0432\u0430\u0442\u044c \u0438\u0445 \u043a\u043e\u043d\u0442\u0440\u043e\u043b\u043b\u0435\u0440\u044b, \u043a\u0430\u043a \u0435\u0434\u0438\u043d\u0441\u0442\u0432\u0435\u043d\u043d\u044b\u0435, \u043f\u043e\u0441\u043a\u043e\u043b\u044c\u043a\u0443 \u0438\u0437 \u0432\u0441\u0435\u0445 \u043a\u043e\u043c\u043f\u0430\u043d\u0438\u0439 \u0442\u043e\u043b\u044c\u043a\u043e \u043e\u043d\u0438 \u043f\u0440\u043e\u0438\u0437\u0432\u043e\u0434\u044f\u0442 \u043e\u0431\u0449\u0435\u043f\u0440\u043e\u043c\u044b\u0448\u043b\u0435\u043d\u043d\u044b\u0435 \u043a\u043e\u043d\u0442\u0440\u043e\u043b\u043b\u0435\u0440\u044b.\r\n3)\t\u041e\u0411\u042f\u0417\u0410\u0422\u0415\u041b\u042c\u041d\u0410 \u0437\u0430\u0449\u0438\u0442\u0430 \u043f\u0440\u043e\u0435\u043a\u0442\u043e\u0432.\r\n4)\t\u0412\u0410\u0416\u041d\u041e \u2013 \u043f\u0440\u0435\u0434\u043b\u043e\u0436\u0438\u0442\u044c \u0430\u0433\u0435\u043d\u0442\u0441\u043a\u0443\u044e \u0441\u0445\u0435\u043c\u0443 \u043f\u0440\u043e\u0434\u0430\u0436, \u0433\u0434\u0435 \u0410\u0421\u0423 \u041a\u041e\u041c\u041f\u041b\u0415\u041a\u0421 \u0431\u0443\u0434\u0435\u0442 \u0432\u044b\u0441\u0442\u0443\u043f\u0430\u0442\u044c \u043a\u0430\u043a \u0430\u0433\u0435\u043d\u0442 \u043f\u043e \u043f\u0440\u043e\u0434\u0430\u0436\u0430\u043c \u0438 \u0437\u0430\u043a\u043b\u0430\u0434\u044b\u0432\u0430\u0442\u044c \u0432 \u043f\u0440\u043e\u0435\u043a\u0442\u044b \u043d\u0430\u0448\u0435 \u043e\u0431\u043e\u0440\u0443\u0434\u043e\u0432\u0430\u043d\u0438\u0435. \u041f\u043e\u0447\u0442\u0438 \u0432\u0441\u0435 \u041f\u0427 \u043e\u0434\u0438\u043d\u0430\u043a\u043e\u0432\u044b \u0438 \u043e\u0442\u043b\u0438\u0447\u0430\u044e\u0442\u0441\u044f \u043b\u0438\u0448\u044c \u043d\u0430\u0434\u0435\u0436\u043d\u043e\u0441\u0442\u044c\u044e.\r\n\r\n\u041e\u0431\u0441\u0443\u0434\u0438\u043b\u0438 \u043f\u043e \u0442\u0435\u043b\u0435\u0444\u043e\u043d\u0443 \u2013 \u0441\u0445\u0435\u043c\u0430 \u043e\u0447\u0435\u043d\u044c \u0438\u043d\u0442\u0435\u0440\u0435\u0441\u043d\u0430\u044f. \u0418 \u0443\u0436\u0435 \u0441\u0435\u0439\u0447\u0430\u0441 \u0431\u0443\u0434\u0435\u0442 \u043f\u0440\u043e\u0435\u043a\u0442 \u043d\u0430 4 \u041f\u0427 \u043f\u043e 55 \u043a\u0412\u0442, \u0441 \u0442\u0430\u043a\u043e\u0439 \u0441\u0445\u0435\u043c\u043e\u0439 \u043c\u043e\u0433\u0443\u0442 \u0437\u0430\u043a\u043b\u0430\u0434\u044b\u0432\u0430\u0442\u044c \u0411\u041e\u0428. \u041f\u043e\u0441\u043b\u0435 12 \u0441\u0435\u043d\u0442\u044f\u0431\u0440\u044f \u0435\u0449\u0435 \u0431\u0443\u0434\u0435\u0442 \u0430\u043a\u0442\u0443\u0430\u043b\u044c\u043d\u043e, \u0430 \u0443\u0436\u0435 \u0434\u043e \u041d\u043e\u0432\u043e\u0433\u043e \u0433\u043e\u0434\u0430 \u043f\u0440\u043e\u0435\u043a\u0442 \u0434\u043e\u043b\u0436\u0435\u043d \u043f\u0440\u043e\u0439\u0442\u0438 \u044d\u043a\u0441\u043f\u0435\u0440\u0442\u0438\u0437\u0443.\r\n\u0414\u0443\u0431\u043b\u0438\u0440\u043e\u0432\u0430\u043b \u0432\u0441\u0435 \u043f\u043e\u0447\u0442\u043e\u0439\r\n\u041d\u0430\u0448 \u044e\u0440\u0438\u0441\u0442 \u0438\u0434\u0435\u044e \u0447\u0430\u0441\u0442\u0438\u0447\u043d\u043e \u043f\u043e\u0434\u0434\u0435\u0440\u0436\u0430\u043b \u2013 \u043c\u0430\u043a\u0441\u0438\u043c \u0437\u0430\u043f\u0440\u043e\u0441\u0438\u043b \u0443 \u0443\u043f\u0430\u043a\u043e\u0432\u0449\u0438\u043a\u043e\u0432 \u0444\u043e\u0440\u043c\u0430\u0442 \u043a\u043e\u043d\u0442\u0440\u0430\u043a\u0442\u0430.", "project": null, "manager": 2, "company": [16], "person": [8]}}, {"model": "business.event", "pk": 13, "fields": {"title": "INCID", "date": "2016-08-25T21:00:00Z", "description": "26.08.2016 \u041f\u043e\u043f\u0440\u043e\u0441\u0438\u043b\u0438 \u0441\u0447\u0435\u0442 \u043d\u0430 20 \u0448\u0442. 0.4 \u043a\u0412\u0442 (3\u0424). \u0412\u0441\u0435 \u0431\u044b\u043b\u043e \u043d\u0430 \u0441\u043a\u043b\u0430\u0434\u0435, \u043d\u043e \u043f\u043e\u043a\u0430 \u0437\u0430\u0432\u043e\u0434\u0438\u043b\u0438 \u0438\u0445 \u0432 \u0441\u0438\u0441\u0442\u0435\u043c\u0435 \u0437\u0430\u043a\u0430\u0437\u0447\u0438\u043a \u043a\u0443\u043f\u0438\u043b \u0434\u0440\u0443\u0433\u043e\u0435 (\u0441\u0443\u043f\u0435\u0440\u043a\u0438\u0442\u0430\u0439). \u041e \u043a\u043e\u043d\u0435\u0447\u043d\u0438\u043a\u0435:\r\n\u042d\u0442\u043e\u0442 \u0447\u0430\u0441\u0442\u043e\u0442\u043d\u0438\u043a \u0431\u0443\u0434\u0435\u043c \u043f\u0440\u0435\u0434\u043b\u0430\u0433\u0430\u0442\u044c \u043d\u0430\u0448\u0438\u043c \u043f\u043e\u0441\u0442\u043e\u044f\u043d\u043d\u044b\u043c \u043a\u043b\u0438\u0435\u043d\u0442\u0430\u043c \u041e\u041e\u041e \u00ab\u0417\u0430\u0432\u043e\u0434 \u0414\u0435\u0432\u043e\u043d\u043d\u0435\u0444\u0442\u0435\u043c\u0430\u0448\u00bb, \u043e\u043d\u0438 \u0434\u0435\u043b\u0430\u044e\u0442 \u043c\u043e\u0431\u0438\u043b\u044c\u043d\u044b\u0435 \u0443\u0441\u0442\u0430\u043d\u043e\u0432\u043a\u0438 \u043d\u0430 \u0431\u0430\u0437\u0435 \u041a\u0430\u043c\u0430\u0437\u0430. \u0422\u0430\u043c \u0447\u0430\u0441\u0442\u043e\u0442\u043d\u0438\u043a\u0438 \u043e\u043d\u0438 \u043f\u0440\u0438\u043c\u0435\u043d\u044f\u044e\u0442 \u043d\u0430 \u0434\u0432\u0438\u0433\u0430\u0442\u0435\u043b\u044f\u0445 0,2\u043a\u0412\u0442 380\u0412.\r\n\u0414\u0430\u043b\u044c\u0448\u0435 \u0447\u0442\u043e \u044d\u0442\u0438 \u0434\u0432\u0438\u0433\u0430\u0442\u0435\u043b\u0438 \u0434\u0435\u043b\u0430\u044e\u0442, \u043d\u0435 \u0437\u043d\u0430\u044e \u2013 \u0437\u0430\u043a\u0430\u0437\u0447\u0438\u043a \u043d\u0430\u0441 \u0432 \u0438\u0437\u0432\u0435\u0441\u0442\u043d\u043e\u0441\u0442\u044c \u043d\u0435 \u0441\u0442\u0430\u0432\u0438\u0442.  \u041f\u043e\u0442\u0435\u043d\u0446\u0438\u0430\u043b \u0435\u0441\u0442\u044c \u0442\u0430\u043a \u043a\u0430\u043a \u043e\u043d\u0438 \u0432\u0441\u0435\u0433\u0434\u0430 \u043f\u043e\u043a\u0443\u043f\u0430\u044e\u0442 \u0443 \u043d\u0430\u0441 \u0447\u0430\u0441\u0442\u043e\u0442\u043d\u0438\u043a\u0438 \u043b\u0438\u0431\u043e 0.4\u043a\u0412\u0442 \u043b\u0438\u0431\u043e 0,75\u043a\u0412\u0442.\r\n\r\n12.09.2016 \u0421\u0434\u0435\u043b\u0430\u043b\u0438 \u0434\u0440\u0443\u0433\u043e\u0439 \u0437\u0430\u043a\u0430\u0437, \u0442\u0435 \u0436\u0435 \u043f\u043e\u0437\u0438\u0446\u0438\u0438, \u043d\u043e 5 \u0448\u0442. \u0421\u0447\u0435\u0442 \u043e\u043f\u043b\u0430\u0442\u0438\u043b\u0438 \u2013 \u043e\u0442\u0433\u0440\u0443\u0437\u043a\u0430 \u0441\u043e \u0441\u043a\u043b\u0430\u0434\u0430.\r\n\u0423\u0442\u043e\u0447\u043d\u0438\u0442\u044c \u043f\u043e 4 \u041f\u0427 \u043d\u0430 55 \u043a\u0412\u0442. \u041f\u0440\u043e\u0432\u0435\u0440\u0438\u0442\u044c \u043e\u0442\u0433\u0440\u0443\u0437\u043a\u0443.\r\n\r\n29.09.2016 \u0417\u0430\u043a\u0430\u0437 \u043f\u043e\u043b\u0443\u0447\u0438\u043b\u0438, \u043f\u043e\u043a\u0430 \u0432\u0441\u0435 \u043e\u043a. \u041d\u0423\u0416\u041d\u0410 \u0414\u041e\u041a\u0423\u041c\u0415\u041d\u0422\u0410\u0426\u0418\u042f \u0412 \u041f\u0415\u0427\u0410\u0422\u041d\u041e\u041c \u0412\u0418\u0414\u0415 \u0418 \u041d\u0410 \u0420\u0423\u0421\u0421\u041a\u041e\u041c.\r\n\u0421\u0434\u0435\u043b\u0430\u043b\u0438 \u0435\u0449\u0435 \u043e\u0434\u0438\u043d \u0437\u0430\u043f\u0440\u043e\u0441 \u043d\u0430 \u0442\u0435 \u0436\u0435 6 \u0448\u0442. \u041a\u0430\u043a \u0440\u0430\u0437 \u0438\u043c \u043d\u0435\u043e\u0431\u0445\u043e\u0434\u0438\u043c\u0430 \u0434\u043e\u043a\u0443\u043c\u0435\u043d\u0442\u0430\u0446\u0438\u044f.\r\n\r\n06.10.2016 \u041d\u0430\u043f\u0440\u0430\u0432\u0438\u043b \u043c\u0430\u043a\u0435\u0442 \u0441 \u043f\u0440\u043e\u0441\u044c\u0431\u043e\u0439 \u043f\u0440\u043e\u043a\u043e\u043c\u043c\u0435\u043d\u0442\u0438\u0440\u043e\u0432\u0430\u0442\u044c \u2013 \u043f\u0440\u043e\u043a\u043e\u043c\u043c\u0435\u043d\u0442\u0438\u0440\u043e\u0432\u0430\u043b, \u0447\u0442\u043e \u0438\u043c \u0442\u0430\u043a\u0430\u044f \u0434\u043e\u043a\u0443\u043c\u0435\u043d\u0442\u0430\u0448\u043a\u0430 \u043d\u043e\u0440\u043c. \u041f\u043e\u0437\u0432\u043e\u043d\u0438\u0442\u044c, \u0443\u0437\u043d\u0430\u0442\u044c \u043a\u0430\u043a \u043f\u0440\u043e\u0448\u043b\u0430 \u043f\u0435\u0440\u0432\u0430\u044f \u043f\u043e\u0441\u0442\u0430\u0432\u043a\u0430.\r\n\r\n28.11.2016 \u041f\u0440\u043e\u0438\u0437\u0432\u0435\u043b\u0438 \u0435\u0449\u0435 \u0437\u0430\u043a\u0443\u043f\u043a\u0443 6 \u0448\u0442. \u0421\u043e\u043e\u0431\u0449\u0438\u0442\u044c \u043d\u043e\u0432\u044b\u0435 \u0446\u0435\u043d\u044b.\r\n27.03.2017 \u0421\u043a\u043b\u0430\u0434 \u0441\u0438\u043b\u044c\u043d\u043e \u043f\u043e\u0434\u043a\u0430\u0447\u0430\u043b \u0441 \u043f\u043e\u0441\u043b\u0435\u0434\u043d\u0435\u0439 \u043e\u0442\u0433\u0440\u0443\u0437\u043a\u043e\u0439 (\u043e\u0447\u0435\u043d\u044c \u0434\u043e\u043b\u0433\u043e \u043e\u0442\u0433\u0440\u0443\u0436\u0430\u043b \u0434\u043b\u044f \u0418\u0422\u0421 \u2013 2 \u043d\u0435\u0434\u0435\u043b\u0438). \u041f\u0440\u043e\u0441\u043b\u0435\u0434\u0438\u0442\u044c, \u0447\u0442\u043e\u0431\u044b \u044d\u0442\u043e \u043d\u0435 \u0441\u043a\u0430\u0437\u0430\u043b\u043e\u0441\u044c \u043d\u0430 \u043e\u0442\u043d\u043e\u0448\u0435\u043d\u0438\u044f\u0445.\r\n05.06.2017 \u041f\u043e\u043b\u0443\u0447\u0438\u043b\u0438 \u043d\u0435\u0438\u0441\u043f\u0440\u0430\u0432\u043d\u044b\u0439 \u041f\u0427 (\u043d\u0435 \u0432\u043a\u043b\u044e\u0447\u0430\u0435\u0442\u0441\u044f). \u041e\u0442\u043f\u0440\u0430\u0432\u0438\u043b\u0438 \u043a \u043d\u0430\u043c \u043e\u0431\u0440\u0430\u0442\u043d\u043e \u043d\u0430 \u0434\u0438\u0430\u0433\u043d\u043e\u0441\u0442\u0438\u043a\u0443.\r\n14.06.2017 \u041f\u043e\u043b\u0443\u0447\u0438\u043b\u0438 \u0432 \u0441\u0435\u0440\u0432\u0438\u0441 \u041f\u0427, \u043d\u0435\u0438\u0441\u043f\u0440\u0430\u0432\u0435\u043d \u0442\u043e\u043b\u044c\u043a\u043e \u0431\u043b\u043e\u043a (\u043f\u0440\u0435\u0434\u043f\u043e\u043b\u043e\u0436\u0438\u0442\u0435\u043b\u044c\u043d\u043e) \u043c\u0435\u0436\u0434\u0443 \u043f\u0430\u043d\u0435\u043b\u044c\u044e \u0438 \u041f\u0427. \u041e\u0441\u0442\u0430\u043b\u044c\u043d\u043e\u0435 \u0432 \u0440\u0430\u0431\u043e\u0447\u0435\u043c \u0432\u0438\u0434\u0435.", "project": null, "manager": 2, "company": [16], "person": [7, 8]}}, {"model": "business.event", "pk": 14, "fields": {"title": "MEET", "date": "2019-12-18T21:00:00Z", "description": "\u041a\u0438\u0440\u0438\u043b\u043b \u0438\u0437 \u043c\u0438\u0440\u0430 \u044d\u043b\u0435\u043a\u0442\u043e\u0440\u0430\u0432\u0442\u043e\u043c\u0430\u0442\u0438\u043a\u0438, \u043f\u043e\u044d\u0442\u043e\u043c\u0443 \u0440\u0430\u0437\u0432\u0438\u0432\u0430\u0435\u0442 \u044d\u0442\u043e \u043d\u0430\u043f\u0440\u0430\u0432\u043b\u0435\u043d\u0438\u0435. \u0412 \u0431\u0443\u0434\u0443\u0449\u0435\u043c \u043f\u043b\u0430\u043d\u0438\u0440\u0443\u044e\u0442 \u0431\u044b\u0442\u044c \u0441\u043f\u0435\u0446\u0438\u0430\u043b\u0438\u0441\u0442\u0430\u043c\u0438 \u0438 \u0432 \u044d\u0442\u043e\u0439 \u043e\u0431\u043b\u0430\u0441\u0442\u0438 \u0442\u043e\u0436\u0435 (\u043d\u0430\u0431\u0440\u0430\u0442\u044c \u0448\u0442\u0430\u0442).\r\n\u0418\u043d\u0442\u0435\u0440\u0435\u0441\u043d\u0430 \u0432 \u043f\u0435\u0440\u0432\u0443\u044e \u043e\u0447\u0435\u0440\u0435\u0434\u044c \u0434\u0438\u0441\u0442\u0440\u0438\u0431\u0443\u0446\u0438\u044f \u043d\u0430 \u0440\u044b\u043d\u043a\u0435 \u0430\u0432\u0442\u043e\u043c\u0430\u0442\u0438\u0437\u0430\u0446\u0438\u0438 \u0437\u0434\u0430\u043d\u0438\u0439 + \u0441\u0438\u0441\u0442\u0435\u043c \u0431\u0435\u0437\u043e\u043f\u0430\u0441\u043d\u043e\u0441\u0442\u0438. \u0414\u043e\u0433\u043e\u0432\u043e\u0440\u0438\u043b\u0438\u0441\u044c \u043e \u0441\u043b\u0435\u0434\u0443\u044e\u0449\u0435\u043c:\r\n1)\t\u041f\u0440\u043e\u0432\u043e\u0434\u0438\u043c \u043e\u0431\u0443\u0447\u0435\u043d\u0438\u044f \u0432 \u044f\u043d\u0432\u0430\u0440\u0435\r\n2)\t\u041f\u0435\u0440\u0435\u0434\u0430\u0435\u043c \u0443\u0441\u0442\u0440\u043e\u0439\u0441\u0442\u0432\u0430 \u0434\u043b\u044f \u0442\u0435\u0441\u0442\u043e\u0432\r\n3)\t\u041e\u0431\u0441\u0443\u0436\u0434\u0430\u0435\u043c \u0432 \u044f\u043d\u0432\u0430\u0440\u0435 \u0441\u043a\u0438\u0434\u043e\u0447\u043d\u0443\u044e \u043f\u043e\u043b\u0438\u0442\u0438\u043a\u0443 \u0438 \u0441\u0438\u0441\u0442\u0435\u043c\u0443 \u043a\u043e\u043e\u0440\u0434\u0438\u043d\u0430\u0442, \u0447\u0442\u043e\u0431\u044b \u043d\u0435 \u043f\u0435\u0440\u0435\u0441\u0435\u043a\u0430\u0442\u044c\u0441\u044f \u0441 OCS.", "project": null, "manager": 2, "company": [18], "person": [9, 10]}}, {"model": "business.event", "pk": 15, "fields": {"title": "TRAIN", "date": "2020-02-04T21:00:00Z", "description": "\u041f\u0440\u043e\u0432\u0435\u0434\u0435\u043d \u043e\u0434\u043d\u043e\u0434\u043d\u0435\u0432\u043d\u044b\u0439 \u0442\u0440\u0435\u043d\u0438\u043d\u0433 \u043f\u043e \u043d\u043e\u043c\u0435\u043d\u043a\u043b\u0430\u0442\u0443\u0440\u0435 Rexroth, \u0430 \u0442\u0430\u043a\u0436\u0435 \u043f\u043e presale \u044d\u0442\u0430\u043f\u0435 \u0434\u043b\u044f \u043f\u0440\u043e\u0435\u043a\u0442\u043e\u0432 \u043f\u043e \u0430\u0432\u0442\u043e\u043c\u0430\u0442\u0438\u0437\u0430\u0446\u0438\u0438 \u0437\u0434\u0430\u043d\u0438\u0439.", "project": null, "manager": 2, "company": [18], "person": [9, 10]}}, {"model": "business.event", "pk": 16, "fields": {"title": "TEL", "date": "2020-09-09T21:00:00Z", "description": "\u0410\u043a\u0442\u0438\u0432\u043d\u043e\u0441\u0442\u0438 \u0432\u043e\u0437\u043e\u0431\u043d\u043e\u0432\u043b\u044f\u044e\u0442\u0441\u044f.\r\n\u041a\u043e\u043d\u0444\u0435\u0440\u0435\u043d\u0446\u0438\u044f \u0426\u0418\u0422 \u0432 \u043a\u043e\u043d\u0446\u0435 \u043e\u043a\u0442\u044f\u0431\u0440\u044f. \u0412\u043e\u0437\u043c\u043e\u0436\u043d\u043e \u043d\u0430\u0448\u0435 \u0443\u0447\u0430\u0441\u0442\u0438\u0435.", "project": null, "manager": 2, "company": [1, 20], "person": [1]}}, {"model": "business.event", "pk": 17, "fields": {"title": "MEET", "date": "2020-09-09T21:00:00Z", "description": "\u0422\u0438\u043c\u043e\u0444\u0435\u0439 \u0421\u0443\u043b\u0438\u043c: \u0432 \u043a\u043e\u043c\u043f\u0430\u043d\u0438\u0438 \u043f\u043e\u044f\u0432\u0438\u043b\u0438\u0441\u044c \u0441\u043b\u043e\u0436\u043d\u043e\u0441\u0442\u0438 \u0432\u0432\u0438\u0434\u0443 \u043a\u0430\u0440\u0430\u043d\u0442\u0438\u043d\u043d\u044b\u0445 \u043c\u0435\u0440. \u0421\u043e\u0442\u0440\u0443\u0434\u043d\u0438\u043a\u0430\u043c \u043f\u0440\u0435\u0434\u043b\u043e\u0436\u0438\u043b\u0438 \u043f\u043e\u0434\u043f\u0438\u0441\u0430\u0442\u044c \u0431\u0443\u043c\u0430\u0433\u0443 \u043e\u0431 \u0443\u0440\u0435\u0437\u0430\u043d\u0438\u0438 \u0437\u0430\u0440\u0430\u0431\u043e\u0442\u043d\u043e\u0439 \u043f\u043b\u0430\u0442\u044b \u0432 \u043e\u0431\u043c\u0435\u043d \u043d\u0430 \u0441\u043e\u0445\u0440\u0430\u043d\u0435\u043d\u0438\u0435 \u0440\u0430\u0431\u043e\u0447\u0435\u0433\u043e \u043c\u0435\u0441\u0442\u0430. Onder Kepenek \u043e\u0442\u043a\u0430\u0437\u0430\u043b\u0441\u044f \u0438 \u0432\u044b\u0448\u0435\u043b \u0438\u0437 \u0441\u043e\u0441\u0442\u0430\u0432\u0430 \u043a\u043e\u043c\u043f\u0430\u043d\u0438\u0438. \u0421\u043a\u043e\u0440\u0435\u0435 \u0432\u0441\u0435\u0433\u043e \u0431\u0443\u0434\u0435\u0442 \u043f\u0440\u0438\u0432\u043b\u0435\u043a\u0430\u0442\u044c\u0441\u044f \u043a \u0440\u0430\u0431\u043e\u0442\u0430\u043c \u043f\u043e \u043f\u0440\u043e\u0435\u043a\u0442\u0443 \u0432 \u0422\u0443\u0448\u0438\u043d\u043e \u043a\u0430\u043a \u0441\u0432\u043e\u0431\u043e\u0434\u043d\u044b\u0439 \u0430\u0433\u0435\u043d\u0442. \u0427\u0435\u0440\u0435\u0437 \u043d\u0435\u0433\u043e \u043d\u0435\u043e\u0431\u0445\u043e\u0434\u0438\u043c\u043e \u0443\u0437\u043d\u0430\u0442\u044c \u043d\u043e\u0432\u044b\u0435 \u043a\u043e\u043d\u0442\u0430\u043a\u0442\u044b.", "project": null, "manager": 2, "company": [9], "person": [5]}}, {"model": "business.event", "pk": 23, "fields": {"title": "INCID", "date": "2020-01-27T21:00:00Z", "description": "\u0421\u0438\u0442\u0443\u0430\u0446\u0438\u044f \u043f\u043e\u0432\u0442\u043e\u0440\u044f\u0435\u0442\u0441\u044f \u0435\u0436\u0435\u0433\u043e\u0434\u043d\u043e. \u0425\u0451\u043d\u0434\u044d \u043f\u043e\u043b\u0443\u0447\u0438\u043b \u043f\u0440\u0430\u0439\u0441-\u043b\u0438\u0441\u0442 \u043e\u0442 DCEE-RU \u0441 \u043f\u043e\u0432\u044b\u0448\u0435\u043d\u043d\u044b\u043c\u0438 \u0446\u0435\u043d\u0430\u043c\u0438. \u0414\u0430\u043b\u0435\u0435 \u0437\u0430\u043a\u0430\u0437\u0447\u0438\u043a \u0437\u0430\u043f\u0440\u043e\u0441\u0438\u043b \u0441\u043d\u0438\u0436\u0435\u043d\u0438\u044f \u043f\u0440\u0430\u0439\u0441-\u043b\u0438\u0441\u0442\u0430 \u0438 \u043e\u0441\u043e\u0431\u044b\u0445 \u0443\u0441\u043b\u043e\u0432\u0438\u0439 \u0432 \u0413\u0435\u0440\u043c\u0430\u043d\u0438\u0438. \u0410\u043d\u0434\u0440\u0435\u0430\u0441 \u043e\u0442\u0432\u0435\u0442\u0438\u043b, \u0447\u0442\u043e \u043e\u043d\u0438 \u043d\u0435 \u043c\u043e\u0433\u0443\u0442 \u0440\u0435\u0433\u0443\u043b\u0438\u0440\u043e\u0432\u0430\u0442\u044c \u0443\u0441\u043b\u043e\u0432\u0438\u044f \u0432\u043d\u0443\u0442\u0440\u0438 \u0431\u0438\u0437\u043d\u0435\u0441\u0430 \u0420\u0424 \u0438 \u043f\u0435\u0440\u0435\u0441\u043b\u0430\u043b \u043f\u0435\u0440\u0435\u043f\u0438\u0441\u043a\u0443 \u043d\u0430 \u0410\u0440\u043c\u0430\u043d\u0430. \u0414\u0430\u043b\u0435\u0435 \u0425\u0451\u043d\u0434\u044d \u043f\u0440\u043e\u0441\u0438\u0442 DCEE-RU \u0441\u043e\u0445\u0440\u0430\u043d\u0438\u0442\u044c \u0446\u0435\u043d\u044b \u043f\u0440\u0435\u0434\u044b\u0434\u0443\u0449\u0435\u0433\u043e \u0433\u043e\u0434\u0430. DCEE-RU \u043e\u0442\u0432\u0435\u0447\u0430\u0435\u0442, \u0447\u0442\u043e \u043c\u044b \u043d\u0435 \u043a\u043e\u043d\u0442\u0440\u043e\u043b\u0438\u0440\u0443\u0435\u043c \u043c\u0438\u0440\u043e\u0432\u043e\u0439 \u043f\u0440\u0430\u0439\u0441-\u043b\u0438\u0441\u0442 \u0438 \u0425\u041c\u041c\u0420 \u0432\u043e\u0437\u0432\u0440\u0430\u0449\u0430\u0435\u0442\u0441\u044f \u043a \u0410\u043d\u0434\u0440\u0435\u0430\u0441\u0443 \u0441 \u043f\u0440\u0435\u0442\u0435\u043d\u0437\u0438\u0435\u0439, \u043e \u0442\u043e\u043f\u0442\u0430\u043d\u0438\u0438 \u043d\u0430 \u043c\u0435\u0441\u0442\u0435. \u0410\u043d\u0434\u0440\u0435\u0430\u0441 \u0432\u043e\u0437\u0432\u0440\u0430\u0449\u0430\u0435\u0442\u0441\u044f \u043a \u043d\u0430\u043c \u0441 \u043d\u0435\u0434\u043e\u043f\u043e\u043d\u0438\u043c\u0430\u043d\u0438\u0435\u043c, \u043f\u043e\u0447\u0435\u043c\u0443 \u0442\u0430\u043a\u0430\u044f \u0437\u0430\u043f\u0443\u0442\u0430\u043d\u043d\u0430\u044f \u0441\u0438\u0442\u0443\u0430\u0446\u0438\u044f, \u043a\u043e\u0433\u0434\u0430 \u0432\u0441\u0435 \u0434\u043e\u043b\u0436\u043d\u043e \u0438\u0434\u0442\u0438 \u0441\u0442\u0440\u043e\u0433\u043e \u043f\u043e \u0446\u0435\u043f\u0438 \u043f\u043e\u0434\u043f\u0438\u0441\u0430\u043d\u043d\u044b\u0445 \u043a\u043e\u043d\u0442\u0440\u0430\u043a\u0442\u043e\u0432 (\u0425\u041c\u041c\u0420 -> \u041a\u043e\u0441\u043c\u043e\u0441 \u0420\u0423\u0421 -> DCEE-RU -> DE).", "project": null, "manager": 2, "company": [5, 17], "person": [4]}}, {"model": "business.event", "pk": 24, "fields": {"title": "TRAIN", "date": "2020-03-15T21:00:00Z", "description": "\u0422\u0435\u0445\u043d\u0438\u0447\u0435\u0441\u043a\u043e\u0435 \u043e\u0431\u0443\u0447\u0435\u043d\u0438\u0435 \u043f\u043e \u0430\u0432\u0442\u043e\u043c\u0430\u0442\u0438\u0437\u0430\u0446\u0438\u0438 \u0437\u0434\u0430\u043d\u0438\u0439 \u043d\u0430 \u0431\u0430\u0437\u0435 \u043a\u043e\u043c\u043f\u043e\u043d\u0435\u043d\u0442\u043e\u0432 Bosch Rexroth.\r\n\u041f\u0440\u0435\u043f\u043e\u0434\u0430\u0432\u0430\u0442\u0435\u043b\u044c: \u0414\u043c\u0438\u0442\u0440\u0438\u0439 \u041a\u0440\u0435\u043c\u043d\u0435\u0432.", "project": null, "manager": 3, "company": [1, 20, 23], "person": [1, 2, 12, 13]}}, {"model": "business.event", "pk": 26, "fields": {"title": "TEL", "date": "2020-09-14T21:00:00Z", "description": "\u0410\u043d\u0434\u0440\u0435\u0439 \u0421\u0442\u0430\u043d\u043a\u0435\u0432\u0438\u0447:\r\n- \u0421\u0442\u0430\u0440\u0442\u043e\u0432\u0430\u044f \u0441\u043a\u0438\u0434\u043a\u0430 \u043d\u0430 \u0437\u0430\u043f\u0447\u0430\u0441\u0442\u0438 \u0434\u043b\u044f \u0410\u0432\u0442\u043e\u0412\u0410\u0417: 25% (\u043f\u043e AJT). \u0414\u0430\u043b\u0435\u0435 \u0441\u043b\u0435\u0434\u0443\u044e\u0442 \u0434\u043e\u0433\u043e\u0432\u043e\u0440\u0435\u043d\u043d\u043e\u0441\u0442\u0438 \u0438\u0441\u0445\u043e\u0434\u044f \u0438\u0437 \u043e\u0431\u044a\u0435\u043c\u0430 \u0438 \u0434\u0440\u0443\u0433\u0438\u0445 \u043a\u0440\u0438\u0442\u0435\u0440\u0438\u0435\u0432 \u0437\u0430\u043a\u0430\u0437\u0430.\r\n- \u0422\u043e\u043d\u043a\u043e\u0441\u0442\u0438 \u043f\u0435\u0440\u0435\u0434\u0430\u0447\u0438 \u043e\u0431\u043e\u0440\u0443\u0434\u043e\u0432\u0430\u043d\u0438\u044f \u0410\u0432\u0442\u043e\u0412\u0410\u0417 \u0441\u043b\u0435\u0434\u0443\u0435\u0442 \u043e\u0431\u0441\u0443\u0434\u0438\u0442\u044c \u0441 \u041c\u0438\u0445\u0430\u043b\u043e\u043c \u041f\u0435\u0448\u043a\u043e\u0432\u044b\u043c", "project": null, "manager": 2, "company": [5, 7], "person": [4]}}, {"model": "business.event", "pk": 27, "fields": {"title": "MEET", "date": "2020-02-06T21:00:00Z", "description": "\u041e\u0431\u0441\u0443\u0436\u0434\u0435\u043d\u0438\u0435 \u043f\u043e \u043f\u0440\u043e\u0435\u043a\u0442\u0430\u043c \u043c\u043e\u0434\u0435\u0440\u043d\u0438\u0437\u0430\u0446\u0438\u0438 \u0436\u0438\u043b\u044b\u0445 \u0437\u0434\u0430\u043d\u0438\u0439 \u0432 \u041d\u0438\u0436\u043d\u0435\u043c \u041d\u043e\u0432\u0433\u043e\u0440\u043e\u0434\u0435:\r\n\u0412\u0441\u0435\u0433\u043e 4 \u0432\u043e\u043b\u043d\u044b \u043f\u043e 4 \u0437\u0434\u0430\u043d\u0438\u044f. \u0422\u0435\u0440\u0440\u0438\u0442\u043e\u0440\u0438\u044f \u043e\u0442\u043d\u043e\u0441\u0438\u0442\u0441\u044f \u043a \u043d\u0430\u0441\u043b\u0435\u0434\u0438\u044e, \u043f\u043e\u044d\u0442\u043e\u043c\u0443 \u0441\u043d\u043e\u0441\u0438\u0442\u0441\u044f \u0437\u0434\u0430\u043d\u0438\u0435 \u043d\u0435 \u0431\u0443\u0434\u0435\u0442. \u041f\u043b\u0430\u043d\u0438\u0440\u0443\u044e\u0442 \u0432\u043d\u0435\u0434\u0440\u0438\u0442\u044c \u043a\u043e\u043c\u043f\u043b\u0435\u043a\u0441\u043d\u0443\u044e \u044d\u043a\u043e\u0441\u0438\u0441\u0442\u0435\u043c\u0443 \u00ab\u0410\u0432\u0442\u043e\u043c\u0430\u0442\u0438\u0437\u0430\u0446\u0438\u044f + \u0411\u0435\u0437\u043e\u043f\u0430\u0441\u043d\u043e\u0441\u0442\u044c\u00bb. \u0420\u0435\u0433\u0438\u0441\u0442\u0440\u0430\u0446\u0438\u044f \u0447\u0435\u0440\u0435\u0437 OCS.\r\nTODO:\r\n\u2022 \u0422\u0440\u0435\u0445\u0441\u0442\u043e\u0440\u043e\u043d\u043d\u044f\u044f \u0432\u0441\u0442\u0440\u0435\u0447\u0430 \u0432 \u041d\u0438\u0436\u043d\u0435\u043c \u041d\u043e\u0432\u0433\u043e\u0440\u043e\u0434\u0435 \u0441 OCS, \u043a\u043e\u043c\u043c\u0435\u0440\u0447\u0435\u0441\u043a\u0438\u0439 \u0438\u043d\u0442\u0435\u0440\u0435\u0441\r\n\u2022 \u0422\u0435\u0445\u043d\u0438\u0447\u0435\u0441\u043a\u0430\u044f \u0434\u043e\u043a\u0443\u043c\u0435\u043d\u0442\u0430\u0446\u0438\u044f \u043d\u0430 \u0440\u0435\u0448\u0435\u043d\u0438\u044f Rexroth (\u043d\u0430\u043f\u0440\u0430\u0432\u0438\u0442\u044c \u0441\u043f\u0438\u0441\u043e\u043a \u0441\u0441\u044b\u043b\u043e\u043a)\r\n\u2022 \u041a\u043e\u043c\u043c\u0435\u0440\u0447\u0435\u0441\u043a\u0438\u0435 \u043f\u0440\u0435\u0437\u0435\u043d\u0442\u0430\u0446\u0438\u0438\r\n\u2022 \u041f\u0440\u0435\u0438\u043c\u0443\u0449\u0435\u0441\u0442\u0432\u0430 Rexroth \u0434\u043b\u044f \u0437\u0430\u0449\u0438\u0442\u044b \u043f\u0440\u043e\u0435\u043a\u0442\u0430, \u043d\u0430\u043f\u0440\u0438\u043c\u0435\u0440, \u0441\u0440\u0430\u0432\u043d\u0435\u043d\u0438\u0435 \u043f\u043e \u0446\u0435\u043d\u0430\u043c \u0441 \u043a\u043e\u043d\u043a\u0443\u0440\u0435\u043d\u0442\u043d\u044b\u043c\u0438 \u0440\u0435\u0448\u0435\u043d\u0438\u044f\u043c\u0438 (\u0437\u0430\u043f\u0440\u043e\u0441\u0438\u0442\u044c \u043f\u043e \u0434\u0435\u0439\u0441\u0442\u0432\u0443\u044e\u0449\u0438\u043c \u043f\u0440\u043e\u0435\u043a\u0442\u0430\u043c)\r\n\u2022 \u0421\u0440\u0430\u0432\u043d\u0438\u0442\u0435\u043b\u044c\u043d\u044b\u0435 \u0442\u0430\u0431\u043b\u0438\u0446\u044b \u0422\u0422\u0425 \u0434\u043b\u044f \u0437\u0430\u0449\u0438\u0442\u044b \u043f\u0440\u043e\u0435\u043a\u0442\u0430\r\n\u2022 \u041a\u043e\u043d\u0442\u0430\u043a\u0442\u044b \u043e\u0442 \u0410\u0440\u043a\u0442\u0438\u043a\u0438 \u0413\u0440\u0443\u043f\u043f\r\n\u2022 \u0412\u0441\u0435 \u043a\u043e\u043d\u0442\u0430\u043a\u0442\u044b \u043f\u043e \u0442\u0435\u0445\u043d\u0438\u0447\u0435\u0441\u043a\u043e\u0439 \u043f\u043e\u0434\u0434\u0435\u0440\u0436\u043a\u0435\r\n\u2022 \u041f\u0440\u043e\u0432\u0435\u0434\u0435\u043d\u0438\u0435 \u043e\u0431\u0443\u0447\u0435\u043d\u0438\u0435 \u0432 \u0425\u0438\u043c\u043a\u0430\u0445\r\n\u2022 \u041a\u0432\u0430\u0440\u0442\u0438\u0440\u043d\u0430\u044f \u0430\u0432\u0442\u043e\u043c\u0430\u0442\u0438\u0437\u0430\u0446\u0438\u044f: \u0435\u0441\u0442\u044c \u043b\u0438 \u0440\u0435\u0448\u0435\u043d\u0438\u044f \u0432 \u0432\u0438\u0434\u0435 \u041f\u041e \u0434\u043b\u044f \u043a\u043b\u0438\u0435\u043d\u0442\u043e\u0432\r\n\u2022 \u041e\u0442\u0432\u0435\u0442\u044b \u043d\u0430 \u0432\u043e\u043f\u0440\u043e\u0441\u044b:\r\no \u0421\u0435\u0442\u044c Ethernet: point to point \u0438\u043b\u0438 \u043c\u043e\u0436\u043d\u043e \u0432 \u0442\u0435\u043a\u0443\u0449\u0443\u044e \u0441\u0435\u0442\u044c?\r\no \u0424\u0438\u0437\u0438\u0447\u0435\u0441\u043a\u0430\u044f \u0440\u0435\u0430\u043b\u0438\u0437\u0430\u0446\u0438\u044f SCADA + BIS: \u043e\u0434\u0438\u043d \u0441\u0435\u0440\u0432\u0435\u0440 \u0438\u043b\u0438 \u0434\u0432\u0430?\r\no \u0415\u0441\u0442\u044c \u043b\u0438 \u0433\u043e\u0442\u043e\u0432\u044b\u0435 \u043f\u0440\u0438\u043b\u043e\u0436\u0435\u043d\u0438\u044f \u0434\u043b\u044f \u0430\u0432\u0442\u043e\u043c\u0430\u0442\u0438\u0437\u0430\u0446\u0438\u0438 \u0437\u0434\u0430\u043d\u0438\u0438 \u0438 \u0430\u043d\u0430\u043b\u0438\u0442\u0438\u043a\u0438 \u043e\u0431\u044a\u0435\u043a\u0442\u0430?", "project": null, "manager": 2, "company": [24], "person": [5]}}, {"model": "business.event", "pk": 28, "fields": {"title": "MEET", "date": "2020-02-06T21:00:00Z", "description": "\u041e\u0431\u0441\u0443\u0436\u0434\u0435\u043d\u0438\u0435 \u043f\u043e \u043f\u0440\u043e\u0435\u043a\u0442\u0430\u043c \u043c\u043e\u0434\u0435\u0440\u043d\u0438\u0437\u0430\u0446\u0438\u0438 \u0436\u0438\u043b\u044b\u0445 \u0437\u0434\u0430\u043d\u0438\u0439 \u0432 \u041d\u0438\u0436\u043d\u0435\u043c \u041d\u043e\u0432\u0433\u043e\u0440\u043e\u0434\u0435:\r\n\u0412\u0441\u0435\u0433\u043e 4 \u0432\u043e\u043b\u043d\u044b \u043f\u043e 4 \u0437\u0434\u0430\u043d\u0438\u044f. \u0422\u0435\u0440\u0440\u0438\u0442\u043e\u0440\u0438\u044f \u043e\u0442\u043d\u043e\u0441\u0438\u0442\u0441\u044f \u043a \u043d\u0430\u0441\u043b\u0435\u0434\u0438\u044e, \u043f\u043e\u044d\u0442\u043e\u043c\u0443 \u0441\u043d\u043e\u0441\u0438\u0442\u0441\u044f \u0437\u0434\u0430\u043d\u0438\u0435 \u043d\u0435 \u0431\u0443\u0434\u0435\u0442. \u041f\u043b\u0430\u043d\u0438\u0440\u0443\u044e\u0442 \u0432\u043d\u0435\u0434\u0440\u0438\u0442\u044c \u043a\u043e\u043c\u043f\u043b\u0435\u043a\u0441\u043d\u0443\u044e \u044d\u043a\u043e\u0441\u0438\u0441\u0442\u0435\u043c\u0443 \u00ab\u0410\u0432\u0442\u043e\u043c\u0430\u0442\u0438\u0437\u0430\u0446\u0438\u044f + \u0411\u0435\u0437\u043e\u043f\u0430\u0441\u043d\u043e\u0441\u0442\u044c\u00bb. \u0420\u0435\u0433\u0438\u0441\u0442\u0440\u0430\u0446\u0438\u044f \u0447\u0435\u0440\u0435\u0437 OCS.\r\nTODO:\r\n\u2022 \u0422\u0440\u0435\u0445\u0441\u0442\u043e\u0440\u043e\u043d\u043d\u044f\u044f \u0432\u0441\u0442\u0440\u0435\u0447\u0430 \u0432 \u041d\u0438\u0436\u043d\u0435\u043c \u041d\u043e\u0432\u0433\u043e\u0440\u043e\u0434\u0435 \u0441 OCS, \u043a\u043e\u043c\u043c\u0435\u0440\u0447\u0435\u0441\u043a\u0438\u0439 \u0438\u043d\u0442\u0435\u0440\u0435\u0441\r\n\u2022 \u0422\u0435\u0445\u043d\u0438\u0447\u0435\u0441\u043a\u0430\u044f \u0434\u043e\u043a\u0443\u043c\u0435\u043d\u0442\u0430\u0446\u0438\u044f \u043d\u0430 \u0440\u0435\u0448\u0435\u043d\u0438\u044f Rexroth (\u043d\u0430\u043f\u0440\u0430\u0432\u0438\u0442\u044c \u0441\u043f\u0438\u0441\u043e\u043a \u0441\u0441\u044b\u043b\u043e\u043a)\r\n\u2022 \u041a\u043e\u043c\u043c\u0435\u0440\u0447\u0435\u0441\u043a\u0438\u0435 \u043f\u0440\u0435\u0437\u0435\u043d\u0442\u0430\u0446\u0438\u0438\r\n\u2022 \u041f\u0440\u0435\u0438\u043c\u0443\u0449\u0435\u0441\u0442\u0432\u0430 Rexroth \u0434\u043b\u044f \u0437\u0430\u0449\u0438\u0442\u044b \u043f\u0440\u043e\u0435\u043a\u0442\u0430, \u043d\u0430\u043f\u0440\u0438\u043c\u0435\u0440, \u0441\u0440\u0430\u0432\u043d\u0435\u043d\u0438\u0435 \u043f\u043e \u0446\u0435\u043d\u0430\u043c \u0441 \u043a\u043e\u043d\u043a\u0443\u0440\u0435\u043d\u0442\u043d\u044b\u043c\u0438 \u0440\u0435\u0448\u0435\u043d\u0438\u044f\u043c\u0438 (\u0437\u0430\u043f\u0440\u043e\u0441\u0438\u0442\u044c \u043f\u043e \u0434\u0435\u0439\u0441\u0442\u0432\u0443\u044e\u0449\u0438\u043c \u043f\u0440\u043e\u0435\u043a\u0442\u0430\u043c)\r\n\u2022 \u0421\u0440\u0430\u0432\u043d\u0438\u0442\u0435\u043b\u044c\u043d\u044b\u0435 \u0442\u0430\u0431\u043b\u0438\u0446\u044b \u0422\u0422\u0425 \u0434\u043b\u044f \u0437\u0430\u0449\u0438\u0442\u044b \u043f\u0440\u043e\u0435\u043a\u0442\u0430\r\n\u2022 \u041a\u043e\u043d\u0442\u0430\u043a\u0442\u044b \u043e\u0442 \u0410\u0440\u043a\u0442\u0438\u043a\u0438 \u0413\u0440\u0443\u043f\u043f\r\n\u2022 \u0412\u0441\u0435 \u043a\u043e\u043d\u0442\u0430\u043a\u0442\u044b \u043f\u043e \u0442\u0435\u0445\u043d\u0438\u0447\u0435\u0441\u043a\u043e\u0439 \u043f\u043e\u0434\u0434\u0435\u0440\u0436\u043a\u0435\r\n\u2022 \u041f\u0440\u043e\u0432\u0435\u0434\u0435\u043d\u0438\u0435 \u043e\u0431\u0443\u0447\u0435\u043d\u0438\u0435 \u0432 \u0425\u0438\u043c\u043a\u0430\u0445\r\n\u2022 \u041a\u0432\u0430\u0440\u0442\u0438\u0440\u043d\u0430\u044f \u0430\u0432\u0442\u043e\u043c\u0430\u0442\u0438\u0437\u0430\u0446\u0438\u044f: \u0435\u0441\u0442\u044c \u043b\u0438 \u0440\u0435\u0448\u0435\u043d\u0438\u044f \u0432 \u0432\u0438\u0434\u0435 \u041f\u041e \u0434\u043b\u044f \u043a\u043b\u0438\u0435\u043d\u0442\u043e\u0432\r\n\u2022 \u041e\u0442\u0432\u0435\u0442\u044b \u043d\u0430 \u0432\u043e\u043f\u0440\u043e\u0441\u044b:\r\no \u0421\u0435\u0442\u044c Ethernet: point to point \u0438\u043b\u0438 \u043c\u043e\u0436\u043d\u043e \u0432 \u0442\u0435\u043a\u0443\u0449\u0443\u044e \u0441\u0435\u0442\u044c?\r\no \u0424\u0438\u0437\u0438\u0447\u0435\u0441\u043a\u0430\u044f \u0440\u0435\u0430\u043b\u0438\u0437\u0430\u0446\u0438\u044f SCADA + BIS: \u043e\u0434\u0438\u043d \u0441\u0435\u0440\u0432\u0435\u0440 \u0438\u043b\u0438 \u0434\u0432\u0430?\r\no \u0415\u0441\u0442\u044c \u043b\u0438 \u0433\u043e\u0442\u043e\u0432\u044b\u0435 \u043f\u0440\u0438\u043b\u043e\u0436\u0435\u043d\u0438\u044f \u0434\u043b\u044f \u0430\u0432\u0442\u043e\u043c\u0430\u0442\u0438\u0437\u0430\u0446\u0438\u0438 \u0437\u0434\u0430\u043d\u0438\u0438 \u0438 \u0430\u043d\u0430\u043b\u0438\u0442\u0438\u043a\u0438 \u043e\u0431\u044a\u0435\u043a\u0442\u0430?", "project": null, "manager": 2, "company": [24], "person": [17]}}, {"model": "business.event", "pk": 29, "fields": {"title": "TEL", "date": "2020-09-15T21:00:00Z", "description": "\u041f\u0440\u043e\u0438\u0437\u043e\u0448\u043b\u0430 \u043f\u043e\u043b\u043e\u043c\u043a\u0430 NEXO \u043d\u0430 \u0437\u0430\u0432\u043e\u0434\u0435 Volkswagen Group Rus \u0432 \u041a\u0430\u043b\u0443\u0433\u0435.\r\n\u0422.\u043a. \u0440\u0435\u043c\u043e\u043d\u0442 \u043f\u0440\u043e\u0438\u0437\u0432\u043e\u0434\u0438\u0442 \u041a\u043e\u0441\u043c\u043e\u0441 \u0420\u0443\u0441 \u043d\u0435 \u043c\u043e\u0436\u0435\u0442, \u0442\u043e \u044d\u0442\u043e \u0433\u0440\u043e\u0437\u0438\u0442 \u043f\u043e\u0442\u0435\u0440\u0435\u0439 \u0440\u0435\u043f\u0443\u0442\u0430\u0446\u0438\u0438 \u0431\u0440\u0435\u043d\u0434\u0430 \u0438 \u0434\u043e\u043b\u0433\u0438\u0435 \u0433\u043e\u0434\u044b \u0440\u0430\u0431\u043e\u0442\u044b \u043d\u0430 \u043f\u043b\u043e\u0449\u0430\u0434\u043a\u0435 \u0441\u043e\u0439\u0434\u0443\u0442 \u043d\u0430 \u043d\u0435\u0442. \u041d\u0435\u043e\u0431\u0445\u043e\u0434\u0438\u043c\u043e \u043c\u0430\u043a\u0441\u0438\u043c\u0430\u043b\u044c\u043d\u043e \u043e\u043f\u0435\u0440\u0430\u0442\u0438\u0432\u043d\u043e \u0440\u0435\u0448\u0438\u0442\u044c \u0441\u0438\u0442\u0443\u0430\u0446\u0438\u044e \u0441 \u0437\u0430\u0432\u043e\u0434\u043e\u043c.\r\n\u0420\u0435\u043c\u043e\u043d\u0442 NEXO \u0434\u043b\u044f \u041a\u043e\u0441\u043c\u043e\u0441 \u0420\u0443\u0441 \u043d\u0435 \u0440\u0435\u043d\u0442\u0430\u0431\u0435\u043b\u0435\u043d, \u0442.\u043a. \u043e\u0431\u0443\u0447\u0435\u043d\u0438\u0435 \u0441\u0442\u043e\u0438\u0442 \u0434\u0435\u0441\u044f\u0442\u043a\u0438 \u0442\u044b\u0441\u044f\u0447 \u0435\u0432\u0440\u043e. \u0410\u0440\u043c\u0430\u043d\u0443 \u043e\u0442\u043a\u0430\u0437\u0430\u043b\u0438 \u0432 \u0431\u0435\u0441\u043f\u043b\u0430\u0442\u043d\u043e\u043c \u043e\u0431\u0443\u0447\u0435\u043d\u0438\u0438 \u0432 \u041c\u0443\u0440\u0445\u0430\u0440\u0434\u0434\u0442\u0435, \u0445\u043e\u0442\u044f \u0422\u0438\u043b\u043e \u043f\u0440\u0435\u0434\u043b\u0430\u0433\u0430\u043b \u043a\u043e\u043c\u043f\u0435\u043d\u0441\u0438\u0440\u043e\u0432\u0430\u0442\u044c \u0438\u0437 \u0441\u0440\u0435\u0434\u0441\u0442\u0432 \u043e\u0442\u0434\u0435\u043b\u0430 \u043f\u0440\u043e\u0434\u0430\u0436 (\u043e\u0442\u0434\u0435\u043b\u0443 \u0441\u0435\u0440\u0432\u0438\u0441\u0430).", "project": null, "manager": 2, "company": [5, 26], "person": [4, 18]}}, {"model": "business.event", "pk": 30, "fields": {"title": "TEL", "date": "2020-09-15T21:00:00Z", "description": "\u0423 \u041a\u043e\u0441\u043c\u043e\u0441 \u0420\u0443\u0441 \u0435\u0441\u0442\u044c \u043f\u043e\u0434\u043c\u0435\u043d\u043d\u044b\u0439 \u0444\u043e\u043d\u0434 \u043e\u0441\u0442\u0430\u0432\u0448\u0438\u0439\u0441\u044f \u0441\u043e \u0432\u0440\u0435\u043c\u0435\u043d \u043f\u0440\u043e\u0435\u043a\u0442\u043e\u0432 \u043d\u0430 \u0424\u043e\u0440\u0434 (5 \u043b\u0435\u0442 \u043d\u0430\u0437\u0430\u0434) \u0438 \u0425\u0451\u043d\u0434\u0430\u0439 (10 \u043b\u0435\u0442 \u043d\u0430\u0437\u0430\u0434). \u041e\u0434\u043d\u0430\u043a\u043e \u044d\u0442\u043e \u0443\u0436\u0435 \u0443\u0441\u0442\u0430\u0440\u0435\u0432\u0448\u0438\u0439 \u0438\u043d\u0441\u0442\u0440\u0443\u043c\u0435\u043d\u0442 \u0438 \u0442\u0440\u0435\u0431\u0443\u0435\u0442 \u043e\u0431\u043d\u043e\u0432\u043b\u0435\u043d\u0438\u044f.", "project": null, "manager": 2, "company": [5, 17], "person": [4]}}, {"model": "business.event", "pk": 31, "fields": {"title": "INCID", "date": "2020-09-14T21:00:00Z", "description": "\u041f\u0440\u043e\u0438\u0433\u0440\u0430\u043b\u0438 \u0442\u0435\u043d\u0434\u0435\u0440 \u043d\u0430 \u0437\u0430\u0432\u043e\u0434\u0435 Geely (\u043f\u043b\u043e\u0449\u0430\u0434\u043a\u0430 \u00ab\u0411\u0435\u043b\u0434\u0436\u0438\u00bb, \u0420\u0435\u0441\u043f\u0443\u0431\u043b\u0438\u043a\u0430 \u0411\u0435\u043b\u0430\u0440\u0443\u0441\u044c), \u043f\u043e\u0442\u043e\u043c\u0443 \u0447\u0442\u043e \u043b\u043e\u043a\u0430\u043b\u044c\u043d\u044b\u0439 \u043f\u0430\u0440\u0442\u043d\u0435\u0440 \u0432 \u041a\u0438\u0442\u0430\u0435 \u043d\u0435 \u0441\u043c\u043e\u0433 \u0441\u0432\u043e\u0435\u0432\u0440\u0435\u043c\u0435\u043d\u043d\u043e \u0440\u0435\u0448\u0438\u0442\u044c \u043f\u0440\u043e\u0431\u043b\u0435\u043c\u0443 \u043f\u0435\u0440\u0435\u0433\u0440\u0435\u0432\u0430 \u0438\u043d\u0441\u0442\u0440\u0443\u043c\u0435\u043d\u0442\u0430, \u0447\u0442\u043e \u043f\u043e\u043f\u0430\u043b\u043e \u0432 \u0447\u0430\u0442\u044b \u043a\u043e\u043c\u043f\u0430\u043d\u0438\u0438 \u0438 \u0440\u0435\u043f\u0443\u0442\u0430\u0446\u0438\u044f \u0431\u044b\u043b\u0430 \u0438\u0441\u043f\u043e\u0440\u0447\u0435\u043d\u0430.", "project": null, "manager": 2, "company": [5], "person": [4]}}, {"model": "business.event", "pk": 32, "fields": {"title": "INCID", "date": "2020-09-14T21:00:00Z", "description": "\u041f\u0440\u043e\u0438\u0433\u0440\u0430\u043b\u0438 \u0442\u0435\u043d\u0434\u0435\u0440 \u043d\u0430 \u0437\u0430\u0432\u043e\u0434\u0435 Geely (\u043f\u043b\u043e\u0449\u0430\u0434\u043a\u0430 \u00ab\u0411\u0435\u043b\u0434\u0436\u0438\u00bb (BelGee), \u0420\u0435\u0441\u043f\u0443\u0431\u043b\u0438\u043a\u0430 \u0411\u0435\u043b\u0430\u0440\u0443\u0441\u044c), \u043f\u043e\u0442\u043e\u043c\u0443 \u0447\u0442\u043e \u043b\u043e\u043a\u0430\u043b\u044c\u043d\u044b\u0439 \u043f\u0430\u0440\u0442\u043d\u0435\u0440 \u0432 \u041a\u0438\u0442\u0430\u0435 \u043d\u0435 \u0441\u043c\u043e\u0433 \u0441\u0432\u043e\u0435\u0432\u0440\u0435\u043c\u0435\u043d\u043d\u043e \u0440\u0435\u0448\u0438\u0442\u044c \u043f\u0440\u043e\u0431\u043b\u0435\u043c\u0443 \u043f\u0435\u0440\u0435\u0433\u0440\u0435\u0432\u0430 \u0438\u043d\u0441\u0442\u0440\u0443\u043c\u0435\u043d\u0442\u0430, \u0447\u0442\u043e \u043f\u043e\u043f\u0430\u043b\u043e \u0432 \u0447\u0430\u0442\u044b \u043a\u043e\u043c\u043f\u0430\u043d\u0438\u0438 \u0438 \u0440\u0435\u043f\u0443\u0442\u0430\u0446\u0438\u044f \u0431\u044b\u043b\u0430 \u0438\u0441\u043f\u043e\u0440\u0447\u0435\u043d\u0430.", "project": null, "manager": 2, "company": [5], "person": [4]}}, {"model": "business.event", "pk": 36, "fields": {"title": "EMAIL", "date": "2020-06-21T21:00:00Z", "description": "\u0418\u0441\u0442\u043e\u0440\u0438\u044f \u0432\u0437\u0430\u0438\u043c\u043e\u0434\u0435\u0439\u0441\u0442\u0432\u0438\u0439 \u0441 \u043a\u043e\u043c\u043f\u0430\u043d\u0438\u0435\u0439 Faurecia:\r\n\u0412 \u043f\u0435\u0440\u0435\u043b\u043e\u043c\u043d\u044b\u0439 \u043c\u043e\u043c\u0435\u043d\u0442, \u043a\u043e\u0433\u0434\u0430 \u0438\u0437\u043d\u0430\u0447\u0430\u043b\u044c\u043d\u043e \u043f\u043e\u0441\u0442\u0430\u0432\u043b\u0435\u043d\u043d\u044b\u0439 \u0438\u043d\u0441\u0442\u0440\u0443\u043c\u0435\u043d\u0442 STANLEY \u043d\u0430 Nissan \u043d\u0430\u0447\u0430\u043b \u0432\u044b\u0445\u043e\u0434\u0438\u0442\u044c \u0438\u0437 \u0441\u0442\u0440\u043e\u044f, \u043c\u044b \u043f\u0440\u0438\u043d\u0438\u043c\u0430\u043b\u0438 \u0443\u0447\u0430\u0441\u0442\u0438\u0435 \u043f\u043e \u0432\u043d\u0435\u0434\u0440\u0435\u043d\u0438\u044e Rexrorth. \u041d\u043e \u043a \u0441\u043e\u0436\u0430\u043b\u0435\u043d\u0438\u044e \u0432 \u043f\u043e\u043b\u0438\u0442\u0438\u0447\u0435\u0441\u043a\u043e\u0439 \u0441\u043e\u0441\u0442\u0430\u0432\u043b\u044f\u044e\u0449\u0435\u0439 \u043e\u043d\u0438 \u0440\u0435\u0448\u0438\u043b\u0438 \u043a\u0443\u043f\u0438\u0442\u044c \u042f\u043a\u043e\u0442\u0443, \u0430 \u043f\u043e \u044d\u043a\u043e\u043d\u043e\u043c\u0438\u0447\u0435\u0441\u043a\u043e\u0439 \u0438 \u0446\u0435\u043d\u043e\u0432\u043e\u0439 Ingersoll Rand.\r\n\r\n\u041f\u043e\u043d\u0438\u043c\u0430\u044e \u0430\u043a\u0442\u0438\u0432\u043d\u043e\u0441\u0442\u044c \u043a\u043e\u043b\u043b\u0435\u0433 \u0432\u043e \u0444\u0440\u0430\u043d\u0446\u0438\u0438, \u043d\u043e \u0435\u0441\u0442\u044c \u0431\u043e\u043b\u0435\u0435 \u0444\u0443\u043d\u0434\u0430\u043c\u0435\u043d\u0442\u0430\u043b\u044c\u043d\u044b\u0435 \u0432\u0435\u0449\u0438. \u041a \u043f\u0440\u0438\u043c\u0435\u0440\u0443 \u0432\u043e\u043f\u0440\u043e\u0441 \u043f\u043e \u0432\u043d\u0435\u0434\u0440\u0435\u043d\u0438\u044e Rextoth \u0432 \u043f\u0440\u043e\u0435\u043a\u0442\u0430\u0445 \u0430\u043b\u044c\u044f\u043d\u0441\u0430. \u0412\u043e\u0442 \u043d\u0430 \u0410\u0432\u0442\u043e\u0432\u0430\u0437\u0435 \u043f\u043e\u044f\u0432\u043b\u044f\u044e\u0442\u0441\u044f \u0431\u043e\u043b\u0435\u0435 150 \u0435\u0434\u0438\u043d\u0438\u0446 \u0414\u0435\u0437\u0443\u0442\u0435\u0440\u043e\u0432. \u0412\u043e\u043f\u0440\u043e\u0441 \u043e\u0442\u043a\u0443\u0434\u0430 - \u0438\u0437 \u0424\u0440\u0430\u043d\u0446\u0438\u0438, \u0438 \u043a\u0430\u043a \u0432\u044b\u044f\u0441\u043d\u0438\u043b\u043e\u0441\u044c Rexroth \u0434\u0430\u0436\u0435 \u0430\u043a\u0442\u0438\u0432\u043d\u043e \u043d\u0435 \u043f\u0440\u043e\u0434\u0432\u0438\u0433\u0430\u043b\u0441\u044f \u0432 \u044d\u0442\u043e\u043c \u043f\u0440\u043e\u0435\u043a\u0442\u0435. \u0412\u0441\u0435 \u044d\u0442\u0438 \u0441\u0442\u0430\u043d\u0446\u0438\u0438 \u0443\u0441\u0442\u0430\u043d\u043e\u0432\u043b\u0435\u043d\u044b \u043d\u0430 \u043b\u0438\u043d\u0438\u0438 B0 \u0438 \u041a\u0430\u043b\u0438\u043d\u0430. \u042d\u0442\u043e \u043e\u0447\u0435\u043d\u044c \u043f\u043b\u043e\u0445\u043e \u0434\u043b\u044f \u043d\u0430\u0441, \u0438 \u043c\u044b \u043d\u0438\u043a\u0430\u043a \u043d\u0435 \u043c\u043e\u0436\u0435\u043c \u0437\u0434\u0435\u0441\u044c \u0432\u043b\u0438\u044f\u0442\u044c \u043d\u0430 \u044d\u0442\u0438 \u0440\u0435\u0448\u0435\u043d\u0438\u044f \u043a\u043e\u0442\u043e\u0440\u044b\u0435 \u043f\u0440\u0438\u043d\u0438\u043c\u0430\u044e\u0442\u0441\u044f \u0432\u043e \u0424\u0440\u0430\u043d\u0446\u0438\u0438.\r\n\r\n\u0410\u043b\u0435\u0445\u0430\u043d\u0434\u0440\u043e , \u0432 \u0433\u043b\u043e\u0431\u0430\u043b\u044c\u043d\u044b\u0445 \u043f\u0440\u043e\u0434\u0430\u0436\u0430\u0445 Rexroth \u043e\u0447\u0435\u043d\u044c \u0441\u043b\u0430\u0431. \u0412\u043e\u0442 \u043a \u043f\u0440\u0438\u043c\u0435\u0440\u0443 \u0432 \u0420\u0424 \u043f\u0440\u0438\u0448\u0435\u043b \u0431\u0440\u0435\u043d\u0434 Great Wall/Haval. \u0412\u0441\u0435 \u0440\u0435\u0448\u0435\u043d\u0438\u044f \u0438\u0437 \u041a\u0438\u0442\u0430\u044f \u0438 \u0441 \u0410\u0421. \u0427\u0442\u043e \u043c\u044b \u043c\u043e\u0436\u0435\u043c \u0437\u0434\u0435\u0441\u044c \u0441\u0434\u0435\u043b\u0430\u0442\u044c?\r\nGelly  \u0432 \u0411\u0435\u043b\u043e\u0440\u0443\u0441\u0441\u0438\u0438 \u0442\u043e\u0436\u0435 \u0441\u0430\u043c\u043e\u0435.\r\n\u041d\u043e\u0432\u044b\u0439 \u043a\u0438\u0442\u0430\u0439\u0441\u043a\u0438\u0439 \u0431\u0440\u0435\u043d\u0434 \u043d\u0430 \u042e\u043d\u0438\u0441\u043e\u043d\u0435 \u0442\u043e\u0436\u0435 \u043d\u0430 \u0410\u0421.\r\n\u041b\u0438\u043d\u0438\u044f \u041b\u0438\u0431\u0445\u0435\u0440 \u043d\u0430 \u041a\u0430\u043c\u0430\u0437\u0435 \u0442\u043e\u0436\u0435 \u043d\u0430 \u0410\u0421.\r\n\u0413\u043b\u043e\u0431\u0430\u043b\u044c\u043d\u043e \u043d\u0430 \u0410\u0432\u0442\u043e\u0444\u0440\u0430\u043c\u043e\u0441\u0435 / Renault  \u0442\u043e\u0436\u0435 \u0441\u0430\u043c\u043e\u0435 \u0431\u043e\u043b\u044c\u0448\u0438\u043d\u0441\u0442\u0432\u043e \u0441\u0442\u0430\u043d\u0446\u0438\u0439 \u0410\u0421 \u0438 \u0414\u0435\u0437\u0435\u0442\u0435\u0440.\r\n\r\n\u042f \u043c\u043e\u0433\u0443 \u044d\u0442\u043e\u0442 \u0441\u043f\u0438\u0441\u043e\u043a \u043f\u0440\u043e\u0434\u043e\u043b\u0436\u0438\u0442\u044c , \u043d\u043e \u0441\u043c\u044b\u0441\u043b\u0430 \u044f \u043d\u0435 \u0432\u0438\u0436\u0443, \u0432\u0435\u043a\u0442\u043e\u0440 \u043f\u0440\u043e\u0434\u0430\u0436 \u0432 \u043f\u0440\u043e\u0435\u043a\u0442\u0430\u0445 \u0441\u043c\u0435\u0441\u0442\u0438\u043b\u0441\u044f \u0432 \u0433\u043e\u043b\u043e\u0432\u043d\u044b\u0435 \u043e\u0444\u0438\u0441\u044b. \u0418 \u0435\u0441\u043b\u0438 \u043d\u0430 \u043b\u0438\u043d\u0438\u0438 \u0420\u0435\u043d\u043e \u043d\u0430 \u0410\u0432\u0442\u043e\u0432\u0430\u0437\u0435 \u043c\u044b \u043d\u0435 \u043c\u043e\u0436\u0435\u043c \u043f\u0440\u0435\u0434\u043b\u043e\u0436\u0438\u0442\u044c Rexroth \u043f\u043e\u0442\u043e\u043c\u0443 \u0447\u0442\u043e \u043e\u043d \u043d\u0435 \u0440\u0435\u043a\u043e\u043c\u0435\u043d\u0434\u043e\u0432\u0430\u043d, \u0442\u043e \u043c\u044b \u043d\u0438\u0447\u0435\u0433\u043e \u043d\u0435 \u043c\u043e\u0436\u0435\u043c \u0441\u0434\u0435\u043b\u0430\u0442\u044c, \u0442\u0430\u043a \u043a\u0430\u043a \u0440\u0435\u043a\u043e\u043c\u0435\u043d\u0434\u0430\u0446\u0438\u0438 \u043f\u0440\u043e\u0435\u043a\u0442\u0443 \u043d\u0430 \u043c\u0435\u0441\u0442\u0435 \u0434\u0430\u044e\u0442 \u0438\u0437 \u0444\u0440\u0430\u043d\u0446\u0438\u0438.", "project": null, "manager": 2, "company": [28], "person": [4]}}, {"model": "business.event", "pk": 37, "fields": {"title": "EMAIL", "date": "2020-06-21T21:00:00Z", "description": "\u0418\u0441\u0442\u043e\u0440\u0438\u044f \u0432\u0437\u0430\u0438\u043c\u043e\u0434\u0435\u0439\u0441\u0442\u0432\u0438\u0439 \u0441 \u043a\u043e\u043c\u043f\u0430\u043d\u0438\u0435\u0439 Faurecia:\r\n\u0412 \u043f\u0435\u0440\u0435\u043b\u043e\u043c\u043d\u044b\u0439 \u043c\u043e\u043c\u0435\u043d\u0442, \u043a\u043e\u0433\u0434\u0430 \u0438\u0437\u043d\u0430\u0447\u0430\u043b\u044c\u043d\u043e \u043f\u043e\u0441\u0442\u0430\u0432\u043b\u0435\u043d\u043d\u044b\u0439 \u0438\u043d\u0441\u0442\u0440\u0443\u043c\u0435\u043d\u0442 STANLEY \u043d\u0430 Nissan \u043d\u0430\u0447\u0430\u043b \u0432\u044b\u0445\u043e\u0434\u0438\u0442\u044c \u0438\u0437 \u0441\u0442\u0440\u043e\u044f, \u043c\u044b \u043f\u0440\u0438\u043d\u0438\u043c\u0430\u043b\u0438 \u0443\u0447\u0430\u0441\u0442\u0438\u0435 \u043f\u043e \u0432\u043d\u0435\u0434\u0440\u0435\u043d\u0438\u044e Rexrorth. \u041d\u043e \u043a \u0441\u043e\u0436\u0430\u043b\u0435\u043d\u0438\u044e \u0432 \u043f\u043e\u043b\u0438\u0442\u0438\u0447\u0435\u0441\u043a\u043e\u0439 \u0441\u043e\u0441\u0442\u0430\u0432\u043b\u044f\u044e\u0449\u0435\u0439 \u043e\u043d\u0438 \u0440\u0435\u0448\u0438\u043b\u0438 \u043a\u0443\u043f\u0438\u0442\u044c \u042f\u043a\u043e\u0442\u0443, \u0430 \u043f\u043e \u044d\u043a\u043e\u043d\u043e\u043c\u0438\u0447\u0435\u0441\u043a\u043e\u0439 \u0438 \u0446\u0435\u043d\u043e\u0432\u043e\u0439 Ingersoll Rand.\r\n\r\n\u041f\u043e\u043d\u0438\u043c\u0430\u044e \u0430\u043a\u0442\u0438\u0432\u043d\u043e\u0441\u0442\u044c \u043a\u043e\u043b\u043b\u0435\u0433 \u0432\u043e \u0444\u0440\u0430\u043d\u0446\u0438\u0438, \u043d\u043e \u0435\u0441\u0442\u044c \u0431\u043e\u043b\u0435\u0435 \u0444\u0443\u043d\u0434\u0430\u043c\u0435\u043d\u0442\u0430\u043b\u044c\u043d\u044b\u0435 \u0432\u0435\u0449\u0438. \u041a \u043f\u0440\u0438\u043c\u0435\u0440\u0443 \u0432\u043e\u043f\u0440\u043e\u0441 \u043f\u043e \u0432\u043d\u0435\u0434\u0440\u0435\u043d\u0438\u044e Rextoth \u0432 \u043f\u0440\u043e\u0435\u043a\u0442\u0430\u0445 \u0430\u043b\u044c\u044f\u043d\u0441\u0430. \u0412\u043e\u0442 \u043d\u0430 \u0410\u0432\u0442\u043e\u0412\u0410\u0417 \u043f\u043e\u044f\u0432\u043b\u044f\u044e\u0442\u0441\u044f \u0431\u043e\u043b\u0435\u0435 150 \u0435\u0434\u0438\u043d\u0438\u0446 \u0414\u0435\u0437\u0443\u0442\u0435\u0440\u043e\u0432. \u0412\u043e\u043f\u0440\u043e\u0441 \u043e\u0442\u043a\u0443\u0434\u0430 - \u0438\u0437 \u0424\u0440\u0430\u043d\u0446\u0438\u0438, \u0438 \u043a\u0430\u043a \u0432\u044b\u044f\u0441\u043d\u0438\u043b\u043e\u0441\u044c Rexroth \u0434\u0430\u0436\u0435 \u0430\u043a\u0442\u0438\u0432\u043d\u043e \u043d\u0435 \u043f\u0440\u043e\u0434\u0432\u0438\u0433\u0430\u043b\u0441\u044f \u0432 \u044d\u0442\u043e\u043c \u043f\u0440\u043e\u0435\u043a\u0442\u0435. \u0412\u0441\u0435 \u044d\u0442\u0438 \u0441\u0442\u0430\u043d\u0446\u0438\u0438 \u0443\u0441\u0442\u0430\u043d\u043e\u0432\u043b\u0435\u043d\u044b \u043d\u0430 \u043b\u0438\u043d\u0438\u0438 B0 \u0438 \u041a\u0430\u043b\u0438\u043d\u0430. \u042d\u0442\u043e \u043e\u0447\u0435\u043d\u044c \u043f\u043b\u043e\u0445\u043e \u0434\u043b\u044f \u043d\u0430\u0441, \u0438 \u043c\u044b \u043d\u0438\u043a\u0430\u043a \u043d\u0435 \u043c\u043e\u0436\u0435\u043c \u0437\u0434\u0435\u0441\u044c \u0432\u043b\u0438\u044f\u0442\u044c \u043d\u0430 \u044d\u0442\u0438 \u0440\u0435\u0448\u0435\u043d\u0438\u044f \u043a\u043e\u0442\u043e\u0440\u044b\u0435 \u043f\u0440\u0438\u043d\u0438\u043c\u0430\u044e\u0442\u0441\u044f \u0432\u043e \u0424\u0440\u0430\u043d\u0446\u0438\u0438.\r\n\r\n\u0410\u043b\u0435\u0445\u0430\u043d\u0434\u0440\u043e , \u0432 \u0433\u043b\u043e\u0431\u0430\u043b\u044c\u043d\u044b\u0445 \u043f\u0440\u043e\u0434\u0430\u0436\u0430\u0445 Rexroth \u043e\u0447\u0435\u043d\u044c \u0441\u043b\u0430\u0431. \u0412\u043e\u0442 \u043a \u043f\u0440\u0438\u043c\u0435\u0440\u0443 \u0432 \u0420\u0424 \u043f\u0440\u0438\u0448\u0435\u043b \u0431\u0440\u0435\u043d\u0434 Great Wall/Haval. \u0412\u0441\u0435 \u0440\u0435\u0448\u0435\u043d\u0438\u044f \u0438\u0437 \u041a\u0438\u0442\u0430\u044f \u0438 \u0441 \u0410\u0421. \u0427\u0442\u043e \u043c\u044b \u043c\u043e\u0436\u0435\u043c \u0437\u0434\u0435\u0441\u044c \u0441\u0434\u0435\u043b\u0430\u0442\u044c?\r\nGelly  \u0432 \u0411\u0435\u043b\u043e\u0440\u0443\u0441\u0441\u0438\u0438 \u0442\u043e\u0436\u0435 \u0441\u0430\u043c\u043e\u0435.\r\n\u041d\u043e\u0432\u044b\u0439 \u043a\u0438\u0442\u0430\u0439\u0441\u043a\u0438\u0439 \u0431\u0440\u0435\u043d\u0434 \u043d\u0430 \u042e\u043d\u0438\u0441\u043e\u043d\u0435 \u0442\u043e\u0436\u0435 \u043d\u0430 \u0410\u0421.\r\n\u041b\u0438\u043d\u0438\u044f \u041b\u0438\u0431\u0445\u0435\u0440 \u043d\u0430 \u041a\u0430\u043c\u0430\u0437\u0435 \u0442\u043e\u0436\u0435 \u043d\u0430 \u0410\u0421.\r\n\u0413\u043b\u043e\u0431\u0430\u043b\u044c\u043d\u043e \u043d\u0430 \u0410\u0432\u0442\u043e\u0444\u0440\u0430\u043c\u043e\u0441\u0435 / Renault  \u0442\u043e\u0436\u0435 \u0441\u0430\u043c\u043e\u0435 \u0431\u043e\u043b\u044c\u0448\u0438\u043d\u0441\u0442\u0432\u043e \u0441\u0442\u0430\u043d\u0446\u0438\u0439 \u0410\u0421 \u0438 \u0414\u0435\u0437\u0435\u0442\u0435\u0440.\r\n\r\n\u042f \u043c\u043e\u0433\u0443 \u044d\u0442\u043e\u0442 \u0441\u043f\u0438\u0441\u043e\u043a \u043f\u0440\u043e\u0434\u043e\u043b\u0436\u0438\u0442\u044c , \u043d\u043e \u0441\u043c\u044b\u0441\u043b\u0430 \u044f \u043d\u0435 \u0432\u0438\u0436\u0443, \u0432\u0435\u043a\u0442\u043e\u0440 \u043f\u0440\u043e\u0434\u0430\u0436 \u0432 \u043f\u0440\u043e\u0435\u043a\u0442\u0430\u0445 \u0441\u043c\u0435\u0441\u0442\u0438\u043b\u0441\u044f \u0432 \u0433\u043e\u043b\u043e\u0432\u043d\u044b\u0435 \u043e\u0444\u0438\u0441\u044b. \u0418 \u0435\u0441\u043b\u0438 \u043d\u0430 \u043b\u0438\u043d\u0438\u0438 \u0420\u0435\u043d\u043e \u043d\u0430 \u0410\u0432\u0442\u043e\u0432\u0430\u0437\u0435 \u043c\u044b \u043d\u0435 \u043c\u043e\u0436\u0435\u043c \u043f\u0440\u0435\u0434\u043b\u043e\u0436\u0438\u0442\u044c Rexroth \u043f\u043e\u0442\u043e\u043c\u0443 \u0447\u0442\u043e \u043e\u043d \u043d\u0435 \u0440\u0435\u043a\u043e\u043c\u0435\u043d\u0434\u043e\u0432\u0430\u043d, \u0442\u043e \u043c\u044b \u043d\u0438\u0447\u0435\u0433\u043e \u043d\u0435 \u043c\u043e\u0436\u0435\u043c \u0441\u0434\u0435\u043b\u0430\u0442\u044c, \u0442\u0430\u043a \u043a\u0430\u043a \u0440\u0435\u043a\u043e\u043c\u0435\u043d\u0434\u0430\u0446\u0438\u0438 \u043f\u0440\u043e\u0435\u043a\u0442\u0443 \u043d\u0430 \u043c\u0435\u0441\u0442\u0435 \u0434\u0430\u044e\u0442 \u0438\u0437 \u0444\u0440\u0430\u043d\u0446\u0438\u0438.", "project": null, "manager": 2, "company": [28], "person": [4]}}, {"model": "business.event", "pk": 41, "fields": {"title": "MEET", "date": "2019-09-19T09:00:00Z", "description": "\u041f\u0440\u0435\u0437\u0435\u043d\u0442\u043e\u0432\u0430\u043b\u0438 \u0442\u0435\u0445\u043d\u043e\u043b\u043e\u0433\u0438\u0438 Bosch \u043f\u043e \u0430\u0432\u0442\u043e\u043c\u0430\u0442\u0438\u0437\u0430\u0446\u0438\u0438 \u0437\u0434\u0430\u043d\u0438\u0439, IoT Gateway \u0438 \u041f\u0427:\r\n\u2022 \u041a\u0420\u041e\u041a \u0431\u044b \u0445\u043e\u0442\u0435\u043b \u0438\u0441\u043f\u043e\u043b\u044c\u0437\u043e\u0432\u0430\u0442\u044c \u0447\u0438\u043b\u043b\u0435\u0440\u044b \u0438 \u0432\u0435\u043d\u0442\u0438\u043b\u044f\u0446\u0438\u044e Bosch TT, \u0435\u0441\u043b\u0438 \u0431\u044b \u0431\u044b\u043b\u0438 \u0434\u043e\u0441\u0442\u0443\u043f\u043d\u044b \u0432 \u0420\u0424\r\n\u2022 \u041c\u043e\u0436\u0435\u043c \u043b\u0438 \u043c\u044b \u0443\u043f\u0440\u0430\u0432\u043b\u044f\u0442\u044c \u0438\u043d\u0436\u0435\u043d\u0435\u0440\u043a\u043e\u0439 \u0438\u0437 Bosch IoT Cloud? \u041c\u043e\u0436\u0435\u043c \u043b\u0438 \u0440\u0430\u0437\u0432\u0435\u0440\u043d\u0443\u0442\u044c \u043f\u043b\u0430\u0442\u0444\u043e\u0440\u043c\u0443 on-premise?\r\n\u2022 \u041d\u0435\u043e\u0431\u0445\u043e\u0434\u0438\u043c\u043e \u0441\u043e\u0433\u043b\u0430\u0441\u043e\u0432\u0430\u0442\u044c \u0432\u0442\u043e\u0440\u0443\u044e \u0432\u0441\u0442\u0440\u0435\u0447\u0443 \u0441 \u043e\u0442\u0434\u0435\u043b\u044c\u043d\u044b\u043c \u043f\u0440\u043e\u043c\u044b\u0448\u043b\u0435\u043d\u043d\u044b\u043c \u043f\u043e\u0434\u0440\u0430\u0437\u0434\u0435\u043b\u0435\u043d\u0438\u0435\u043c \u0438\u0437 \u041a\u0420\u041e\u041a (\u043f\u043e\u0437\u0434\u043d\u0435\u0435, \u043a\u0430\u043a \u0443\u0441\u0442\u0430\u043a\u0430\u043d\u044f\u0442\u0441\u044f \u043f\u0435\u0440\u0435\u043c\u0435\u043d\u044b \u0432 \u041a\u0420\u041e\u041a)\r\n\u2022 \u0414\u043b\u044f KNX \u043d\u0443\u0436\u0435\u043d Bus coupler \u043e\u043d \u043d\u0435 \u043c\u043e\u0436\u0435\u043c \u0440\u0430\u0431\u043e\u0442\u0430\u0442\u044c, \u043a\u0430\u043a stand alone \u0443\u0441\u0442\u0440\u043e\u0439\u0441\u0442\u0432\u043e\r\n\u2022 \u0421\u043a\u0438\u043d\u0443\u0442\u044c \u043f\u0440\u0430\u0439\u0441-\u043b\u0438\u0441\u0442\r\n\u2022 \u041f\u043e\u0441\u0447\u0438\u0442\u0430\u0442\u044c \u0441\u043f\u0435\u0446\u0438\u0444\u0438\u043a\u0430\u0446\u0438\u044e \u043d\u0430 Schneider Electric \u2013 \u0433\u043e\u0442\u043e\u0432\u043e\r\n\u2022 \u041d\u0443\u0436\u043d\u043e \u043f\u043e\u043d\u044f\u0442\u044c \u043c\u0430\u043a\u0441\u0438\u043c\u0430\u043b\u044c\u043d\u043e\u0435 \u043a\u043e\u043b\u0438\u0447\u0435\u0441\u0442\u0432\u043e \u0442\u0435\u0433\u043e\u0432\r\n\u2022 \u0411\u0443\u0434\u0443\u0442 \u043b\u0438 \u0434\u043e\u0441\u0442\u0443\u043f\u043d\u044b \u0434\u0440\u0443\u0433\u0438\u0435 \u043f\u0440\u043e\u0442\u043e\u043a\u043e\u043b\u044b (\u043f\u043e\u043c\u0438\u043c\u043e OPC UA)? \u0423 OPC \u0435\u0441\u0442\u044c \u043d\u0435\u0434\u043e\u0441\u0442\u0430\u0442\u043e\u043a. \u0412 \u0441\u043b\u0443\u0447\u0430\u0435, \u043a\u043e\u0433\u0434\u0430 \u0442\u0435\u0433\u043e\u0432 \u0431\u043e\u043b\u044c\u0448\u0435 15 000 \u043f\u0440\u043e\u0442\u043e\u043a\u043e\u043b \u043d\u0435 \u0441\u043f\u0440\u0430\u0432\u043b\u044f\u0435\u0442\u0441\u044f \u0441 \u043f\u0435\u0440\u0435\u0434\u0430\u0447\u0435\u0439 \u0434\u0430\u043d\u043d\u044b\u0445 \u0438 \u0432\u0430\u043b\u0438\u0442\u0441\u044f InduSoft (\u044d\u0442\u043e \u0443\u0436\u0435 \u043f\u043e \u043e\u043f\u044b\u0442\u0443 \u043d\u0430 \u0442\u0435\u043a\u0443\u0449\u0438\u0445 \u043f\u0440\u043e\u0435\u043a\u0442\u0430\u0445 \u041a\u0420\u041e\u041a, \u0433\u0434\u0435 \u043f\u0440\u0438\u0445\u043e\u0434\u0438\u043b\u043e\u0441\u044c \u0441\u0438\u043b\u044c\u043d\u043e \u043e\u043f\u0442\u0438\u043c\u0438\u0437\u0438\u0440\u043e\u0432\u0430\u0442\u044c \u0440\u0430\u0431\u043e\u0442\u0443 \u0441\u0438\u0441\u0442\u0435\u043c\u044b)\r\n\u2022 \u041f\u0435\u0440\u0435\u0434\u0430\u0442\u044c \u041f\u041b\u041a XM\r\n\u2022 \u041d\u0443\u0436\u043d\u044b \u043e\u0431\u0443\u0447\u0435\u043d\u0438\u044f \u0438 \u0441\u0435\u0440\u0442\u0438\u0444\u0438\u043a\u0430\u0442\u044b", "project": null, "manager": 2, "company": [29], "person": [19, 20]}}, {"model": "business.event", "pk": 47, "fields": {"title": "EMAIL", "date": "2020-09-22T12:04:33Z", "description": "\u0421\u0432\u0435\u0442\u043b\u0430\u043d\u0430 \u043f\u0440\u0435\u0434\u043b\u043e\u0436\u0438\u043b\u0430 \u043e\u0440\u0433\u0430\u043d\u0438\u0437\u043e\u0432\u0430\u0442\u044c \u043e\u043d\u043b\u0430\u0439\u043d \u0432\u0441\u0442\u0440\u0435\u0447\u0443 \u0441 \u0446\u0435\u043b\u044c\u044e \u043f\u043e\u0431\u043e\u043b\u044c\u0448\u0435 \u0443\u0437\u043d\u0430\u0442\u044c \u043e \u0432\u0441\u0435\u0445 \u0440\u0435\u0448\u0435\u043d\u0438\u044f\u0445 Bosch Rexroth, \u043f\u043e \u043a\u043e\u0442\u043e\u0440\u044b\u043c \u043c\u044b \u043c\u043e\u0433\u043b\u0438 \u0431\u044b \u0441\u043e\u0432\u043c\u0435\u0441\u0442\u043d\u043e \u043f\u043e\u0440\u0430\u0431\u043e\u0442\u0430\u0442\u044c \u0432 \u043f\u0440\u043e\u0435\u043a\u0442\u0430\u0445, \u0438 \u0435\u0449\u0435 \u0440\u0430\u0437 \u0443\u0442\u043e\u0447\u043d\u0438\u0442\u044c \u0443\u0441\u043b\u043e\u0432\u0438\u044f \u043f\u0430\u0440\u0442\u043d\u0435\u0440\u0441\u043a\u043e\u0433\u043e \u0432\u0437\u0430\u0438\u043c\u043e\u0434\u0435\u0439\u0441\u0442\u0432\u0438\u044f.", "project": null, "manager": 2, "company": [29], "person": [20, 21, 22]}}, {"model": "business.event", "pk": 48, "fields": {"title": "EMAIL", "date": "2020-09-21T00:00:00Z", "description": "\u041f\u0440\u0438\u0448\u0435\u043b \u0437\u0430\u043f\u0440\u043e\u0441 \u043d\u0430 \u043f\u043e\u0447\u0442\u0443 \u043e\u0442\u0434\u0435\u043b\u0430 \u043e\u0442 \u0433-\u043d\u0430 \u041a\u0430\u043c\u0435\u043d\u0441\u043a\u0438\u0445:\r\n\u00ab\u0417\u0434\u0440\u0430\u0432\u0441\u0442\u0432\u0443\u0439\u0442\u0435, \u043f\u043e\u0434\u0441\u043a\u0430\u0436\u0438\u0442\u0435 ,\u043f\u043e\u0436\u0430\u043b\u0443\u0439\u0441\u0442\u0430 \u0435\u0441\u0442\u044c \u043b\u0438 \u0443 \u0432\u0430\u0441 \u044d\u043b\u0435\u043a\u0442\u0440\u043e\u043d\u043d\u0430\u044f \u0441\u0438\u0441\u0442\u0435\u043c\u0430 \u043a\u043e\u043d\u0442\u0440\u043e\u043b\u044c\u043d\u043e\u0439 \u0437\u0430\u0442\u044f\u0436\u043a\u0438 \u0431\u043e\u043b\u0442\u043e\u0432\u044b\u0445 \u0441\u043e\u0435\u0434\u0438\u043d\u0435\u043d\u0438\u0439?\u00bb\r\n\u0417\u0430\u043f\u0440\u043e\u0441 \u043d\u0435 \u043b\u0435\u0432\u044b\u0439, \u0442.\u043a. \u043f\u0440\u0438\u0448\u0435\u043b \u043d\u0430 \u043e\u0442\u0434\u0435\u043b. \u041d\u0443\u0436\u043d\u043e:\r\n\u2022 \u041d\u0430\u043f\u0440\u0430\u0432\u0438\u0442\u044c \u0440\u0430\u0437\u0432\u0435\u0440\u043d\u0443\u0442\u0443\u044e \u0438\u043d\u0444\u043e\u0440\u043c\u0430\u0446\u0438\u044e \u0441 \u043f\u0440\u0435\u0437\u0435\u043d\u0442\u0430\u0446\u0438\u044f\u043c\u0438 \u043f\u043e \u0440\u0435\u0448\u0435\u043d\u0438\u044f\u043c Rexroth \u0432 \u0442.\u0447. PPM, AJT \u0438 \u0442.\u0434.\r\n\u2022 \u0412\u044b\u0436\u0434\u0430\u0442\u044c \u043e\u0442\u0432\u0435\u0442 \u0438 \u041c\u0430\u043a\u0441\u0438\u043c \u043f\u043e\u0437\u0432\u043e\u043d\u0438\u0442 \u0432 \u0430\u0432\u0438\u0430\u043a\u043e\u043d\u0441\u0430\u043b\u0442\u0438\u043d\u0433, \u0447\u0442\u043e\u0431\u044b \u0443\u0442\u043e\u0447\u043d\u0438\u0442\u044c \u0447\u0442\u043e \u044d\u0442\u043e \u0437\u0430 \u043a\u043e\u043d\u0442\u0430\u043a\u0442.\r\n\u2022 \u0414\u0435\u0440\u0436\u0430\u0442\u044c \u0441\u0432\u044f\u0437\u044c \u0438 \u043f\u043e\u0441\u0442\u0430\u0440\u0430\u0442\u044c\u0441\u044f \u043f\u043e\u043f\u0430\u0441\u0442\u044c \u0432 \u0432\u0435\u043d\u0434\u043e\u0440-\u043b\u0438\u0441\u0442 \u043a\u043e\u043c\u043f\u0430\u043d\u0438\u0438.", "project": null, "manager": 2, "company": [33], "person": [23]}}, {"model": "business.event", "pk": 49, "fields": {"title": "FORUM", "date": "2020-10-28T06:00:00Z", "description": "\u0418\u0422 \u0424\u043e\u0440\u0443\u043c \u00ab\u0422\u0430\u043d\u0430\u0439 - 2020\u00bb (\u043f\u0435\u0440\u0435\u043d\u0435\u0441\u0435\u043d \u043d\u0430 21 \u0433\u043e\u0434)", "project": null, "manager": 2, "company": [20], "person": [1]}}, {"model": "business.event", "pk": 50, "fields": {"title": "SKYPE", "date": "2020-09-25T10:00:00Z", "description": "\u041f\u0440\u043e\u0432\u0435\u0434\u0435\u043d\u043e skype-\u0441\u043e\u0432\u0435\u0449\u0430\u043d\u0438\u0435 \u043f\u043e \u0438\u0442\u043e\u0433\u0430\u043c \u043a\u043e\u0442\u043e\u0440\u043e\u0433\u043e \u0431\u044b\u043b\u0438 \u043e\u043f\u0440\u0435\u0434\u0435\u043b\u0435\u043d\u044b \u0448\u0430\u0433\u0438, \u0443\u043a\u0430\u0437\u0430\u043d\u043d\u044b\u0435 \u0432 To-Do.", "project": null, "manager": 2, "company": [29], "person": [20, 21, 22]}}, {"model": "business.event", "pk": 51, "fields": {"title": "TEL", "date": "2020-09-28T12:00:00Z", "description": "\u0410\u043d\u0430\u0441\u0442\u0430\u0441\u0438\u044f \u041c\u0430\u0442\u0432\u0435\u0435\u0432\u0430:\r\n\u0426\u0418\u0422: \u041d\u0443\u0436\u043d\u043e \u043f\u0440\u043e\u0432\u043e\u0434\u0438\u0442\u044c \u043e\u0431\u0443\u0447\u0435\u043d\u0438\u0435 \u043d\u043e\u0432\u044b\u0445 \u0441\u043f\u0435\u0446\u043e\u0432, \u0442.\u043a. \u043f\u0440\u043e\u0448\u043b\u044b\u0439 \u043e\u0431\u0443\u0447\u0435\u043d\u043d\u044b\u0439 \u0443\u0448\u0435\u043b \u0438\u0437 \u043a\u043e\u043c\u043f\u0430\u043d\u0438\u0438. \u0422\u0430\u043a\u0436\u0435 \u0432\u043e \u0432\u0440\u0435\u043c\u044f \u0444\u0440\u0435\u0433\u0430\u0442 \u0431\u044b\u043b\u043e \u043c\u043d\u043e\u0433\u043e \u0440\u0430\u0437\u0433\u043e\u0432\u043e\u0440\u043e\u0432 \u0438 \u0445\u043e\u0442\u044f\u0442 \u0432\u0438\u0434\u0435\u0442\u044c \u043d\u0430\u0441 \u043d\u0430 \u043c\u0435\u0440\u043e\u043f\u0440\u0438\u044f\u0442\u0438\u0438 28-30 \u043e\u043a\u0442\u044f\u0431\u0440\u044f.\r\n\u041a\u0420\u041e\u041a \u043d\u0443\u0436\u043d\u043e \u043e\u0431\u0443\u0447\u0430\u0442\u044c \u0441\u0435\u0439\u0447\u0430\u0441, \u043f\u043e\u043a\u0430 \"\u0442\u0435\u043f\u043b\u0435\u043d\u044c\u043a\u0438\u0435\". \u0410\u043a\u0442\u0438\u0432\u043d\u043e\u0441\u0442\u044c \u043f\u043e\u044f\u0432\u0438\u043b\u0430\u0441\u044c \u043f\u043e\u0441\u043b\u0435 \u0444\u0440\u0435\u0433\u0430\u0442.\r\nOCS: \u043f\u043b\u0430\u043d\u0438\u0440\u0443\u044e\u0442 \u043f\u0440\u0438\u0435\u0445\u0430\u0442\u044c \u0432 \u0441\u0440\u0435\u0434\u0443 \u043a \u043d\u0430\u043c \u0432 \u043e\u0444\u0438\u0441, \u0430 \u0432\u0435\u0447\u0435\u0440\u043e\u043c \u043e\u0440\u0433\u0430\u043d\u0438\u0437\u043e\u0432\u0430\u0442\u044c \u043f\u043e\u0441\u0438\u0434\u0435\u043b\u043a\u0438 \u0441 \u0418\u0432\u0430\u043d\u043e\u043c \u041a\u043e\u043d\u0434\u0440\u0430\u0442\u0435\u043d\u043a\u043e\u0432\u044b\u043c.", "project": null, "manager": 2, "company": [1, 20, 29], "person": [1, 22]}}, {"model": "business.event", "pk": 52, "fields": {"title": "EMAIL", "date": "2020-09-30T09:30:54Z", "description": "\u041d\u0430\u043f\u0440\u0430\u0432\u043b\u0435\u043d\u043e \u043f\u0438\u0441\u044c\u043c\u043e \u043d\u0430 \u0430\u0434\u0440\u0435\u0441 \u00abIN_Kamenskih@kms.irkut.com\u00bb.\r\n\u0423\u043a\u0430\u0437\u0430\u043d\u043e \u043f\u0440\u0438\u043c\u0435\u043d\u0435\u043d\u0438\u0435 \u0438\u043d\u0441\u0442\u0440\u0443\u043c\u0435\u043d\u0442\u0430 \u0437\u0430\u0442\u044f\u0436\u043a\u0438 \u0432 \u0430\u0432\u0438\u0430\u0441\u0442\u0440\u043e\u0435\u043d\u0438\u0438 \u0437\u0430 \u0440\u0443\u0431\u0435\u0436\u043e\u043c, \u043d\u0430\u043f\u0440\u0430\u0432\u043b\u0435\u043d\u044b \u043f\u0440\u0435\u0437\u0435\u043d\u0442\u0430\u0446\u0438\u0438 \u0432 \u0442.\u0447. \u043f\u043e \u0418\u043d\u0434\u0443\u0441\u0442\u0440\u0438\u0438 4.0.", "project": null, "manager": 2, "company": [33], "person": [23]}}, {"model": "business.event", "pk": 53, "fields": {"title": "MEET", "date": "2020-09-30T10:31:51Z", "description": "\u0426\u0418\u0422 \u043d\u0435 \u0445\u0432\u0430\u0442\u0430\u0435\u0442 \u0437\u043d\u0430\u043d\u0438\u0439.\r\n\u0426\u0438\u043a\u043b \u043e\u0442 \u043d\u0430\u0447\u0430\u043b\u0430 \u043f\u0440\u043e\u0440\u0430\u0431\u043e\u0442\u043a\u0438 \u0438\u043d\u0442\u0435\u0433\u0440\u0430\u0442\u043e\u0440\u0430 \u0434\u043e \u0437\u0430\u0432\u0435\u0440\u0448\u0435\u043d\u0438\u044f \u043f\u0440\u043e\u0435\u043a\u0442\u0430 \u0438 \u0437\u0430\u043a\u0443\u043f\u043a\u0438 \u0441\u043e\u0441\u0442\u0430\u0432\u043b\u044f\u0435\u0442 \u043d\u0435 \u043c\u0435\u043d\u0435\u0435 \u0434\u0432\u0443\u0445 \u043b\u0435\u0442.\r\n\u041e\u0431\u043d\u043e\u0432\u044f\u0442 \u0441\u0442\u0430\u0442\u0443\u0441 \u0440\u0430\u0431\u043e\u0442\u044b \u0441 ava3tri.\r\n\u041f\u0440\u043e\u043c\u044d\u043b\u0435\u043a\u0442\u0440\u043e\u043d\u0438\u043a\u0430 (\u0410\u0421\u0423 \u0422\u041f \u0438\u0437 \u041b\u0438\u043f\u0435\u0446\u043a) \u0433\u043e\u0442\u043e\u0432\u044b \u0432\u0441\u0442\u0440\u0435\u0447\u0430\u0442\u044c\u0441\u044f \u0441 \u0420\u0435\u043a\u0441\u0440\u043e\u0442.\r\n\u041f\u0440\u0435\u0434\u043b\u043e\u0436\u0438\u043b\u0438 \u0441\u0445\u0435\u043c\u0443, \u0433\u0434\u0435 \u043f\u0440\u043e\u0435\u043a\u0442\u043d\u044b\u0435 \u043f\u043e\u043b\u0443\u0447\u0430\u044e\u0442 \u043f\u0440\u0435\u0444\u0435\u0440\u0435\u043d\u0446\u0438\u0438 \u0438\u043b\u0438 \u0437\u0430\u043f\u0447\u0430\u0441\u0442\u0438, \u043d\u043e \u0441\u0442\u0440\u043e\u044f\u0442 \u0434\u043b\u044f \u0411\u043e\u0448 BIM \u043c\u043e\u0434\u0435\u043b\u0438.", "project": null, "manager": 2, "company": [1], "person": [1, 25]}}, {"model": "business.event", "pk": 57, "fields": {"title": "EMAIL", "date": "2020-07-31T11:00:00Z", "description": "\u0420\u0435\u0433\u0438\u0441\u0442\u0440\u0430\u0446\u0438\u044f \u043f\u0440\u043e\u0435\u043a\u0442\u0430.\r\n\u0421\u043c\u043e\u0442\u0440\u0438 \u043f\u0438\u0441\u044c\u043c\u043e \u0432 outlook.", "project": null, "manager": 2, "company": [18, 19], "person": [9]}}, {"model": "business.event", "pk": 58, "fields": {"title": "EMAIL", "date": "2020-10-01T21:00:00Z", "description": "\u0413\u043e\u0442\u043e\u0432\u044b \u0432\u0441\u0442\u0440\u0435\u0447\u0430\u0442\u044c\u0441\u044f \u0432 \u041b\u0438\u043f\u0435\u0446\u043a\u0435, \u043d\u043e \u043f\u043e\u043a\u0430 \u0432\u0441\u0435 \u0437\u0430\u043d\u044f\u0442\u044b \u0438 \u0438\u0437 \u0434\u0430\u0442 \u043f\u0440\u0435\u0434\u043b\u0430\u0433\u0430\u044e\u0442 \u041d\u0413.", "project": null, "manager": 2, "company": [35], "person": [1]}}, {"model": "business.event", "pk": 59, "fields": {"title": "EMAIL", "date": "2020-10-07T13:45:00Z", "description": "\u041e\u0442\u043f\u0440\u0430\u0432\u043b\u0435\u043d\u043e \u043f\u0440\u0435\u0434\u043b\u043e\u0436\u0435\u043d\u0438\u0435 \u0441 30% \u0441\u043a\u0438\u0434\u043a\u043e\u0439 \u043d\u0430 EFC3610, EFC5610 \u0438 EFC5610 + E (encoder). \u0420\u0435\u0437\u0438\u0441\u0442\u043e\u0440\u044b \u0432\u044b\u0432\u0435\u0434\u0435\u043d\u044b \u0432 \u043e\u0442\u0434\u0435\u043b\u044c\u043d\u044b\u0439 \u0434\u0438\u0430\u043b\u043e\u0433, \u0441\u043e\u043e\u0431\u0449\u0435\u043d\u043e, \u0447\u0442\u043e \u043c\u043e\u0436\u043d\u043e \u043f\u0440\u0438\u043e\u0431\u0440\u0435\u0442\u0430\u0442\u044c \u043b\u044e\u0431\u044b\u0435 \u0434\u0440\u0443\u0433\u0438\u0435 \u0438\u043b\u0438 \u0438\u0441\u043f\u043e\u043b\u044c\u0437\u043e\u0432\u0430\u0442\u044c \u0438\u0437 \u0441\u0442\u0430\u0440\u043e\u0433\u043e \u043f\u0440\u0435\u0434\u043b\u043e\u0436\u0435\u043d\u0438\u044f (\u0446\u0435\u043d\u044b \u043e\u0441\u0442\u0430\u0432\u0438\u043b \u0430\u043a\u0442\u0443\u0430\u043b\u044c\u043d\u044b\u043c\u0438).", "project": null, "manager": 2, "company": [36], "person": [27]}}, {"model": "business.event", "pk": 60, "fields": {"title": "TEL", "date": "2020-10-08T11:54:55Z", "description": "\u0410\u043d\u0434\u0440\u0435\u0439 \u042f\u043a\u0443\u0448\u0438\u043d\u0441\u043a\u0438\u0439: \u043f\u0440\u0435\u0434\u043b\u043e\u0436\u0435\u043d\u0438\u0435 \u0434\u043b\u044f \u0442\u0435\u043d\u0434\u0435\u0440\u0430, \u0433\u043e\u0434\u0430\u043c\u0438 \u0445\u043e\u0434\u0438\u043c \u0432\u043e\u043a\u0440\u0443\u0433 \u0434\u0430 \u043e\u043a\u043e\u043b\u043e, \u0434\u0438\u0440\u0435\u043a\u0442\u043e\u0440 \u0441\u043a\u043b\u043e\u043d\u044f\u0435\u0442\u0441\u044f \u043a \u041f\u0427 Rexroth, \u0442.\u043a. \u0437\u043d\u0430\u0435\u0442 \u0438 \u0432\u0435\u0440\u0438\u0442 \u0432 \u044d\u0442\u043e\u0442 \u0431\u0440\u0435\u043d\u0434, \u043d\u043e \u0441\u0442\u043e\u0438\u043c\u043e\u0441\u0442\u044c \u0432\u0441\u0435\u0433\u0434\u0430 \u0432\u044b\u0448\u0435.\r\n\u041f\u043e \u0442\u0435\u0445\u043d\u0438\u043a\u0435 \u0432\u043e\u043f\u0440\u043e\u0441\u043e\u0432 \u043d\u0435\u0442, \u043d\u043e \u0446\u0435\u043d\u043d\u0438\u043a \u043a\u043e\u043d\u043a\u0443\u0440\u0435\u043d\u0442 \u0434\u0430\u0435\u0442 \u043b\u0443\u0447\u0448\u0435.\r\n\u041e\u0431\u0435\u0449\u0430\u043b \u043d\u0430\u043f\u0440\u0430\u0432\u0438\u0442\u044c \u043e\u0431\u043d\u043e\u0432\u043b\u0435\u043d\u043d\u043e\u0435 \u041a\u041f \u043f\u043e\u0441\u043b\u0435 \u0442\u043e\u0433\u043e, \u043a\u0430\u043a \u043e\u0431\u0441\u0443\u0436\u0443 \u0441 \u0440\u0443\u043a\u043e\u0432\u043e\u0434\u0441\u0442\u0432\u043e\u043c.", "project": null, "manager": 2, "company": [36], "person": [27]}}, {"model": "business.event", "pk": 61, "fields": {"title": "TEL", "date": "2020-10-09T10:00:00Z", "description": "\u0410\u043d\u0434\u0440\u0435\u0439 \u041a\u0443\u043b\u0435\u0432: \u0438\u0441\u0442\u043e\u0440\u0438\u044f \u0432\u0437\u0430\u0438\u043c\u043e\u0434\u0435\u0439\u0441\u0442\u0432\u0438\u044f \u0441 \u043a\u043b\u0438\u0435\u043d\u0442\u043e\u043c \u0441\u043b\u0435\u0434\u0443\u044e\u0449\u0430\u044f:\r\n\u0414\u0440\u0443\u0433\u0438\u0445 \u0442\u0435\u0445\u043d\u043e\u043b\u043e\u0433\u0438\u0439 \u0442\u0430\u043c \u043d\u0435\u0442, \u043f\u044b\u0442\u0430\u043b\u0438\u0441\u044c \u043f\u0440\u043e\u0434\u0430\u0442\u044c \u0440\u0435\u0434\u0443\u043a\u0442\u043e\u0440\u0430, \u0434\u0430\u0436\u0435 \u0431\u044b\u043b\u0430 \u0440\u0430\u0437\u043e\u0432\u0430\u044f \u043f\u043e\u043a\u0443\u043f\u043a\u0430, \u043d\u043e \u043d\u0430 \u044d\u0442\u043e\u043c \u0432\u0441\u0435. \u0415\u0441\u043b\u0438 \u0443\u0447\u0435\u0441\u0442\u044c \u043e\u0431\u044a\u0435\u043c\u044b \u043a\u043b\u0438\u0435\u043d\u0442\u0430, \u0442\u043e \u043c\u043e\u0436\u043d\u043e \u0441 \u043d\u0438\u043c \u0440\u0430\u0431\u043e\u0442\u0430\u0442\u044c \u0438 \u043d\u0430\u043f\u0440\u044f\u043c\u0443\u044e.", "project": null, "manager": 2, "company": [36], "person": [27]}}, {"model": "business.event", "pk": 62, "fields": {"title": "EMAIL", "date": "2018-11-14T10:00:00Z", "description": "\u041f\u0440\u0438\u0433\u043b\u0430\u0448\u0435\u043d\u0438\u0435 \u043f\u043e\u0443\u0447\u0430\u0441\u0442\u0432\u043e\u0432\u0430\u0442\u044c \u0432 \u0442\u0435\u043d\u0434\u0435\u0440\u0435 \u043d\u0430 \u0437\u0430\u043a\u0443\u043f\u043a\u0443 \u043f\u0440\u0435\u043e\u0431\u0440\u0430\u0437\u043e\u0432\u0430\u0442\u0435\u043b\u0435\u0439 \u0447\u0430\u0441\u0442\u043e\u0442\u044b, \u043a\u043e\u0442\u043e\u0440\u044b\u0439 \u043f\u0440\u043e\u0438\u0441\u0445\u043e\u0434\u0438\u0442 \u0440\u0430\u0437 \u0432 \u0433\u043e\u0434. \u0412 \u0442\u0435\u0447\u0435\u043d\u0438\u0435 \u0433\u043e\u0434\u0430 \u0437\u0430\u0439\u0442\u0438 \u0442\u0443\u0434\u0430 \u043d\u0435\u0432\u043e\u0437\u043c\u043e\u0436\u043d\u043e, \u043d\u043e \u0440\u0430\u0437 \u0432 \u0433\u043e\u0434 \u043e\u0442\u043a\u0440\u044b\u0432\u0430\u0435\u0442\u0441\u044f \u0448\u0430\u043d\u0441 \u043f\u0435\u0440\u0435\u0431\u0438\u0442\u044c \u043a\u043e\u043d\u043a\u0443\u0440\u0435\u043d\u0442\u0430.\r\n\u041e\u0431\u0449\u0438\u0439 \u043e\u0431\u044a\u0435\u043c \u043f\u043e \u0433\u043e\u0434\u0443 21 \u043c\u043b\u043d. \u0432 \u0440\u0443\u0431\u043b\u044f\u0445 \u0438\u043b\u0438 300 \u0448\u0442. \u041f\u0427.", "project": null, "manager": 2, "company": [36], "person": [27]}}, {"model": "business.event", "pk": 63, "fields": {"title": "EMAIL", "date": "2020-10-09T11:25:24Z", "description": "\u041d\u0430\u043f\u0440\u0430\u0432\u0438\u043b \u043f\u0440\u0435\u0434\u043b\u043e\u0436\u0435\u043d\u0438\u0435 \u0441\u043e \u0441\u043a\u0438\u0434\u043a\u043e\u0439 47%.", "project": null, "manager": 2, "company": [36], "person": [27]}}, {"model": "business.event", "pk": 64, "fields": {"title": "TRAIN", "date": "2020-10-14T13:52:10Z", "description": "\u0422\u0435\u0445\u043d\u0438\u0447\u0435\u0441\u043a\u043e\u0435 \u043e\u0431\u0443\u0447\u0435\u043d\u0438\u0435 \u043f\u043e \u0430\u0432\u0442\u043e\u043c\u0430\u0442\u0438\u0437\u0430\u0446\u0438\u0438 \u0437\u0434\u0430\u043d\u0438\u0439 \u043d\u0430 \u043f\u043b\u0430\u0442\u0444\u043e\u0440\u043c\u0435 Bosch Rexroth.", "project": null, "manager": 2, "company": [1, 11, 20, 37], "person": [1, 25, 28, 29, 30, 31, 32]}}, {"model": "business.event", "pk": 65, "fields": {"title": "TRAIN", "date": "2020-10-14T14:03:48Z", "description": "\u041f\u0440\u043e\u0432\u0435\u0434\u0435\u043d\u043e \u0442\u0435\u0445\u043d\u0438\u0447\u0435\u0441\u043a\u043e\u0435 \u043e\u0431\u0443\u0447\u0435\u043d\u0438\u0435.\r\n\u041a \u0441\u043e\u0436\u0430\u043b\u0435\u043d\u0438\u044e, \u043d\u0430 \u043e\u0431\u044a\u0435\u043a\u0442\u0435 \u043f\u043e\u043c\u0435\u043d\u044f\u043b\u043e\u0441\u044c \u043c\u043d\u043e\u0433\u043e \u0440\u0443\u043a\u043e\u0432\u043e\u0434\u044f\u0449\u0438\u0445 \u043b\u0438\u0446, \u043a\u0430\u043a \u043d\u0430 \u0441\u0442\u043e\u0440\u043e\u043d\u0435 \u0437\u0430\u043a\u0430\u0437\u0447\u0438\u043a\u0430, \u0442\u0430\u043a \u0438 \u043d\u0430 \u0441\u0442\u043e\u0440\u043e\u043d\u0435 \u043f\u043e\u0434\u0440\u044f\u0434\u0447\u0438\u043a\u0430. \u0412 \u0438\u0442\u043e\u0433\u0435 \u0441\u0438\u0441\u0442\u0435\u043c \u0430\u0432\u0442\u043e\u043c\u0430\u0442\u0438\u0437\u0430\u0446\u0438\u0438 \u043d\u0430 \u0434\u0440\u0443\u0433\u0438\u0445 \u043a\u043e\u0440\u043f\u0443\u0441\u0430\u0445 \u0432\u043e\u043e\u0431\u0449\u0435 \u043d\u0435\u0442. \u0422\u043e\u043b\u044c\u043a\u043e \u043d\u0430 \u043e\u0434\u043d\u043e\u043c - Rexroth.\r\n\u0421\u0430\u043c \u0437\u0430\u043a\u0430\u0437\u0447\u0438\u043a \u0445\u043e\u0447\u0435\u0442 \u0446\u0435\u043d\u0442\u0440\u0430\u043b\u044c\u043d\u0443\u044e \u0430\u0432\u0442\u043e\u043c\u0430\u0442\u0438\u0437\u0430\u0446\u0438\u044e, \u043d\u043e \u043f\u043e\u043a\u0430 \u0435\u0441\u0442\u044c \u043a\u043e\u043d\u0444\u043b\u0438\u043a\u0442, \u0442.\u043a. \u043d\u0430 \u0434\u0440\u0443\u0433\u0438\u0445 \u043e\u0431\u044a\u0435\u043a\u0442\u0430\u0445 \u0441\u0442\u043e\u0438\u0442 \u0432\u043e\u043e\u0431\u0449\u0435 \u043d\u0435 Bosch \u0434\u043b\u044f \u0443\u043f\u0440\u0430\u0432\u043b\u0435\u043d\u0438\u044f.\r\n\u0421\u0438\u0441\u0442\u0435\u043c\u044b \u0431\u0435\u0437\u043e\u043f\u0430\u0441\u043d\u043e\u0441\u0442\u0438 \u0443\u0441\u0442\u0430\u043d\u043e\u0432\u043b\u0435\u043d\u044b Bosch.", "project": 13, "manager": 2, "company": [11], "person": [28]}}, {"model": "business.event", "pk": 66, "fields": {"title": "MEET", "date": "2020-10-14T17:00:00Z", "description": "\u0426\u0418\u0422 \u0431\u0435\u0440\u0435\u0442 \u0441\u043b\u0430\u0431\u043e\u0442\u043e\u0447\u043a\u0443 \u0431\u043e\u043b\u044c\u0448\u0438\u0445 \u043f\u0440\u043e\u0435\u043a\u0442\u043e\u0432 \u043d\u0430 \u043f\u043e\u0434\u0440\u044f\u0434, \u043d\u043e \u0441\u0430\u043c \u0434\u0435\u043b\u0430\u0435\u0442 \u0442\u043e\u043b\u044c\u043a\u043e \u0441\u0438\u0441\u0442\u0435\u043c\u044b \u0431\u0435\u0437\u043e\u043f\u0430\u0441\u043d\u043e\u0441\u0442\u0438. \u041f\u043b\u0430\u043d\u0438\u0440\u0443\u044e\u0442 \u0440\u0430\u0441\u0448\u0438\u0440\u0438\u0442\u044c \u0448\u0442\u0430\u0442 \u043f\u0440\u043e\u0435\u043a\u0442\u0438\u0440\u043e\u0432\u0449\u0438\u043a\u043e\u0432 \u0438 \u0441\u0430\u043c\u043e\u0441\u0442\u043e\u044f\u0442\u0435\u043b\u044c\u043d\u043e \u0432\u044b\u043f\u043e\u043b\u043d\u044f\u0442\u044c \u0430\u0432\u0442\u043e\u043c\u0430\u0442\u0438\u0437\u0430\u0446\u0438\u044e.\r\n\u0421\u0435\u0439\u0447\u0430\u0441 \u0430\u0432\u0442\u043e\u043c\u0430\u0442\u0438\u0437\u0430\u0446\u0438\u044e \u043e\u0442\u0434\u0430\u044e\u0442 \u043a\u043e\u043c\u043f\u0430\u043d\u0438\u0438 \u0422\u0420\u0418\u0422 (\u041d\u043e\u0432\u043e\u0441\u0438\u0431\u0438\u0440\u0441\u043a).\r\n\u0415\u0441\u0442\u044c \u043e\u043f\u0430\u0441\u0435\u043d\u0438\u044f, \u0447\u0442\u043e \u0435\u0441\u043b\u0438 \u0437\u0430\u043b\u043e\u0436\u0430\u0442 Rexroth, \u0442\u043e \u043d\u0438\u043a\u0442\u043e \u043d\u0435 \u0441\u043c\u043e\u0436\u0435\u0442 \u0435\u0433\u043e \u043c\u043e\u043d\u0442\u0438\u0440\u043e\u0432\u0430\u0442\u044c, \u0442.\u043a. \u043d\u0435\u0442 \u043a\u043e\u043c\u043f\u0435\u0442\u0435\u043d\u0446\u0438\u0439. \u0411\u044b\u043b\u043e \u043f\u0440\u0435\u0434\u043b\u043e\u0436\u0435\u043d\u043e:\r\n\u2022 \u0420\u0430\u0431\u043e\u0442\u0430\u0442\u044c \u0441 \u0412\u0421-\u0422\u0435\u043b\u0435\u043a\u043e\u043c, \u0443 \u043a\u043e\u0442\u043e\u0440\u044b\u0445 \u0435\u0441\u0442\u044c \u043e\u043f\u044b\u0442.\r\n\u2022 \u0412\u044b\u0439\u0434\u0435\u043c \u0441 \u043f\u0440\u0435\u0434\u043b\u043e\u0436\u0435\u043d\u0438\u0435\u043c \u043e\u0431\u0443\u0447\u0438\u0442\u044c \u0422\u0420\u0418\u0422\r\n\u2022 \u041e\u043a\u0430\u0436\u0435\u043c \u0432\u0441\u044e \u043d\u0435\u043e\u0431\u0445\u043e\u0434\u0438\u043c\u0443\u044e \u043f\u043e\u0434\u0434\u0435\u0440\u0436\u043a\u0443", "project": null, "manager": 2, "company": [20], "person": [29]}}, {"model": "business.event", "pk": 67, "fields": {"title": "MEET", "date": "2020-10-14T17:00:00Z", "description": "Schneider \u043f\u0440\u043e\u0432\u043e\u0434\u0438\u0442 \u0441\u0435\u0439\u0447\u0430\u0441 \u043e\u0431\u0443\u0447\u0435\u043d\u0438\u044f \u043e\u043d\u043b\u0430\u0439\u043d. \u041e\u0431\u0440\u0430\u0442\u043d\u0430\u044f \u0441\u0432\u044f\u0437\u044c \u0441\u043b\u0435\u0434\u0443\u044e\u0449\u0430\u044f:\r\n\u0421\u043b\u0438\u0448\u043a\u043e\u043c \u0437\u0430\u0442\u044f\u043d\u0443\u0442\u043e (\u0434\u043b\u0438\u0442\u0441\u044f \u043d\u0430 \u043f\u0440\u043e\u0442\u044f\u0436\u0435\u043d\u0438\u0438 5 \u0434\u043d\u0435\u0439 \u043f\u043e 8 \u0447\u0430\u0441\u043e\u0432), \u0431\u0435\u0437 \u043f\u0440\u0430\u043a\u0442\u0438\u043a\u0438 \u0438 \u043f\u0440\u0438\u043a\u043b\u0430\u0434\u043d\u044b\u0445 \u0437\u0430\u0434\u0430\u0447 \u043e\u0447\u0435\u043d\u044c \u0441\u043b\u043e\u0436\u043d\u043e \u0440\u0430\u0437\u043e\u0431\u0440\u0430\u0442\u044c \u043c\u0430\u0442\u0435\u0440\u0438\u0430\u043b.", "project": null, "manager": 2, "company": [37], "person": [32]}}, {"model": "business.event", "pk": 68, "fields": {"title": "EMAIL", "date": "2020-10-22T16:19:54Z", "description": "\u0421\u043e\u043e\u0431\u0449\u0438\u043b \u043e \u0433\u043e\u0442\u043e\u0432\u043d\u043e\u0441\u0442\u0438 \u043f\u0440\u0435\u0434\u043e\u0441\u0442\u0430\u0432\u043b\u0435\u043d\u0438\u044f \u043e\u0442\u0441\u0440\u043e\u0447\u043a\u0438 \u043f\u043b\u0430\u0442\u0435\u0436\u0430 \u043f\u043e\u0441\u043b\u0435 \u0440\u0430\u0437\u0440\u0435\u0448\u0435\u043d\u0438\u044f \u0446\u0435\u043d\u043e\u0432\u044b\u0445 \u0438 \u0442\u0435\u0445\u043d\u043e\u043b\u043e\u0433\u0438\u0447\u0435\u0441\u043a\u0438\u0445 \u0432\u043e\u043f\u0440\u043e\u0441\u043e\u0432.\r\n\r\n\u0421\u043e\u043d\u043d\u044b\u0445: \u043d\u0430 \u0443\u0440\u043e\u0432\u043d\u0435 \u0410\u043d\u043d\u044b \u0434\u043e\u0441\u0442\u0443\u043f\u043d\u043e 60 \u0434\u043d\u0435\u0439, \u0432\u0441\u0435 \u0447\u0442\u043e \u0432\u044b\u0448\u0435 - \u0442\u0440\u0435\u0431\u0443\u0435\u0442\u0441\u044f \u0441\u043e\u0433\u043b\u0430\u0441\u043e\u0432\u0430\u043d\u0438\u0435 \u0418\u043b\u044c\u043a\u043e\u0432\u0430 (\u0434\u043b\u044f Nestle, \u043d\u0430\u043f\u0440\u0438\u043c\u0435\u0440 \u0443\u0434\u0430\u043b\u043e\u0441\u044c \u0441\u043e\u0433\u043b\u0430\u0441\u043e\u0432\u044b\u0432\u0430\u0442\u044c \u043e\u0442\u0441\u0440\u043e\u0447\u043a\u0443 \u0432 90 \u0434\u043d\u0435\u0439)", "project": null, "manager": 2, "company": [36], "person": [27]}}, {"model": "business.event", "pk": 69, "fields": {"title": "MEET", "date": "2020-10-25T15:28:53Z", "description": "Random event.", "project": null, "manager": 2, "company": [6], "person": [33]}}, {"model": "business.reminder", "pk": 1, "fields": {"task": "\u0410\u0432\u0442\u043e \u0432\u044b\u0431\u043e\u0440 \u043a\u043e\u043c\u043f\u0430\u043d\u0438\u0438 \u043f\u0440\u0438 \u0441\u043e\u0437\u0434\u0430\u043d\u0438\u0438 \u043f\u0435\u0440\u0441\u043e\u043d\u044b", "description": "\u0410\u0432\u0442\u043e\u043c\u0430\u0442\u0438\u0447\u0435\u0441\u043a\u0438\u0439 \u0432\u044b\u0431\u043e\u0440 \u043a\u043e\u043c\u043f\u0430\u043d\u0438\u0439 \u043f\u0440\u0438 \u0441\u043e\u0437\u0434\u0430\u043d\u0438\u0438 \u043a\u043e\u043d\u0442\u0430\u043a\u0442\u0430 \u0438\u0437 \u043a\u0430\u0440\u0442\u044b \u043a\u043b\u0438\u0435\u043d\u0442\u0430.", "due_time": "2020-09-03T09:00:00Z", "done": true, "importance": "3HI", "event": null, "company": 6, "person": null, "project": null, "manager": 2, "executor": null}}, {"model": "business.reminder", "pk": 2, "fields": {"task": "\u0414\u043e\u0431\u0430\u0432\u043b\u0435\u043d\u0438\u0435 \u043a\u043e\u043d\u0442\u0430\u043a\u0442\u043e\u0432 \u043f\u0440\u0438 \u0441\u043e\u0437\u0434\u0430\u043d\u0438\u044f \u043f\u0435\u0440\u0441\u043e\u043d\u044b", "description": "\u0412\u043e\u0437\u043c\u043e\u0436\u043d\u043e\u0441\u0442\u044c \u0434\u043e\u0431\u0430\u0432\u043b\u0435\u043d\u0438\u044f \u043a\u043e\u043d\u0442\u0430\u043a\u0442\u043e\u0432 \u0432\u043e \u0432\u0440\u0435\u043c\u044f \u0441\u043e\u0437\u0434\u0430\u043d\u0438\u044f \u043f\u0435\u0440\u0441\u043e\u043d\u044b", "due_time": "2020-09-08T09:00:00Z", "done": false, "importance": "3HI", "event": null, "company": 6, "person": null, "project": null, "manager": 2, "executor": 3}}, {"model": "business.reminder", "pk": 3, "fields": {"task": "\u0414\u043e\u0431\u0430\u0432\u043b\u0435\u043d\u0438\u0435 \u043f\u0435\u0440\u0441\u043e\u043d\u044b \u043f\u0440\u0438 \u0441\u043e\u0437\u0434\u0430\u043d\u0438\u0438 \u043a\u043e\u043c\u043f\u0430\u043d\u0438\u0438", "description": "\u0412\u043e\u0437\u043c\u043e\u0436\u043d\u043e\u0441\u0442\u044c \u0434\u043e\u0431\u0430\u0432\u043b\u0435\u043d\u0438\u044f \u043f\u0435\u0440\u0441\u043e\u043d\u044b \u0432\u043e \u0432\u0440\u0435\u043c\u044f \u0441\u043e\u0437\u0434\u0430\u043d\u0438\u044f \u043a\u043e\u043c\u043f\u0430\u043d\u0438\u0438", "due_time": "2020-09-08T09:00:00Z", "done": false, "importance": "2MID", "event": null, "company": 6, "person": null, "project": null, "manager": 2, "executor": 2}}, {"model": "business.reminder", "pk": 4, "fields": {"task": "\u041d\u0435\u0441\u043a\u043e\u043b\u044c\u043a\u043e \u0440\u043e\u043b\u0435\u0439 \u0438 \u043a\u043e\u043c\u043f\u0430\u043d\u0438\u0439 \u0432 \u043f\u0440\u043e\u0435\u043a\u0442\u0435", "description": "\u0414\u043e\u0431\u0430\u0432\u0438\u0442\u044c \u0440\u0430\u0437\u043d\u044b\u0435 \u0440\u043e\u043b\u0438 \u0438 \u043d\u0435\u0441\u043a\u043e\u043b\u044c\u043a\u043e \u043a\u043e\u043c\u043f\u0430\u043d\u0438\u0439 \u0432 \u043f\u0440\u043e\u0435\u043a\u0442\u0430\u0445", "due_time": "2020-09-08T09:00:00Z", "done": true, "importance": "1LOW", "event": null, "company": 6, "person": null, "project": null, "manager": 2, "executor": null}}, {"model": "business.reminder", "pk": 5, "fields": {"task": "\u041f\u043e\u0438\u0441\u043a \u043f\u0440\u0438 \u0432\u044b\u0431\u043e\u0440\u0435 \u043a\u043e\u043c\u043f\u0430\u043d\u0438\u0438 \u0432\u043e \u0432\u0441\u0435\u0445 CreateView", "description": "\u041f\u043e\u0438\u0441\u043a \u043f\u0440\u0438 \u0432\u044b\u0431\u043e\u0440\u0435 \u043a\u043e\u043c\u043f\u0430\u043d\u0438\u0438 \u0432\u043e \u0432\u0441\u0435\u0445 CreateView", "due_time": "2020-09-09T09:00:00Z", "done": false, "importance": "1LOW", "event": null, "company": 6, "person": null, "project": null, "manager": 2, "executor": null}}, {"model": "business.reminder", "pk": 6, "fields": {"task": "\u0414\u043e\u0431\u0430\u0432\u0438\u0442\u044c \u043f\u043e\u0434\u0441\u043a\u0430\u0437\u043a\u0438 \u0432 \u043f\u043e\u043b\u044f \u043a \u0444\u043e\u0440\u043c\u0430\u043c", "description": "\u0414\u043e\u0431\u0430\u0432\u0438\u0442\u044c \u043f\u043e\u0434\u0441\u043a\u0430\u0437\u043a\u0438 \u0432 \u043f\u043e\u043b\u044f \u043a \u0444\u043e\u0440\u043c\u0430\u043c", "due_time": "2020-09-08T09:00:00Z", "done": false, "importance": "1LOW", "event": null, "company": 6, "person": null, "project": null, "manager": 2, "executor": null}}, {"model": "business.reminder", "pk": 7, "fields": {"task": "\u041b\u0430\u0442\u0438\u043d\u0441\u043a\u043e\u0435 \u043d\u0430\u0437\u0432\u0430\u043d\u0438\u0435 \u043a\u043e\u043c\u043f\u0430\u043d\u0438\u0439", "description": "\u041b\u0430\u0442\u0438\u043d\u0441\u043a\u043e\u0435 \u043d\u0430\u0437\u0432\u0430\u043d\u0438\u0435 \u043a\u043e\u043c\u043f\u0430\u043d\u0438\u0439 (\u043c\u0435\u043b\u043a\u0438\u043c \u043d\u0430 \u043a\u0430\u0440\u0442\u0435 \u043a\u043b\u0438\u0435\u043d\u0442\u0430)", "due_time": "2020-09-01T11:54:35Z", "done": true, "importance": "2MID", "event": null, "company": 6, "person": null, "project": null, "manager": 2, "executor": null}}, {"model": "business.reminder", "pk": 8, "fields": {"task": "\u041f\u0440\u043e\u0435\u043a\u0442\u043d\u0430\u044f \u0441\u043a\u0438\u0434\u043a\u0430", "description": "\u041f\u0440\u043e\u0435\u043a\u0442\u043d\u0430\u044f \u0441\u043a\u0438\u0434\u043a\u0430", "due_time": "2020-09-01T11:56:53Z", "done": true, "importance": "2MID", "event": null, "company": 6, "person": null, "project": null, "manager": 2, "executor": null}}, {"model": "business.reminder", "pk": 9, "fields": {"task": "Project fulfillment bar", "description": "Shows how much of a project has been passed, chances of order etc (THINK)", "due_time": "2020-09-01T16:52:10Z", "done": false, "importance": "0FYI", "event": null, "company": 6, "person": null, "project": null, "manager": 2, "executor": null}}, {"model": "business.reminder", "pk": 13, "fields": {"task": "\u041f\u0440\u0438\u0433\u043e\u0442\u043e\u0432\u0438\u0442\u044c\u0441\u044f \u043a \u0432\u044b\u0441\u0442\u0430\u0432\u043a\u0435", "description": "\u0417\u0430\u0433\u0440\u0443\u0437\u0438\u0442\u044c \u0444\u0430\u0439\u043b\u044b \u0432 \u0441\u0438\u0441\u0442\u0435\u043c\u0443.", "due_time": "2020-09-17T21:00:00Z", "done": true, "importance": "3HI", "event": null, "company": 6, "person": 1, "project": 1, "manager": 2, "executor": null}}, {"model": "business.reminder", "pk": 17, "fields": {"task": "\u041f\u0440\u043e\u0432\u0435\u0440\u043a\u0430 \u043d\u043e\u0432\u044b\u0445 \u043a\u043e\u043c\u043f\u0430\u043d\u0438\u0439 \u043d\u0430 \u0434\u0443\u0431\u043b\u0438\u043a\u0430\u0442", "description": "\u0414\u043b\u044f \u0443\u0441\u0442\u0440\u0430\u043d\u0435\u043d\u0438\u044f \u043f\u043e\u0432\u0442\u043e\u0440\u0435\u043d\u0438\u044f \u043e\u0434\u043d\u0438\u0445 \u0438 \u0442\u0435\u0445 \u0436\u0435 \u043a\u043e\u043c\u043f\u0430\u043d\u0438\u0439", "due_time": "2020-09-22T10:21:50Z", "done": false, "importance": "2MID", "event": null, "company": 6, "person": null, "project": null, "manager": 2, "executor": null}}, {"model": "business.reminder", "pk": 18, "fields": {"task": "\u041d\u0430\u043f\u0440\u0430\u0432\u0438\u0442\u044c \u0440\u0430\u0437\u0432\u0435\u0440\u043d\u0443\u0442\u0443\u044e \u043f\u0440\u0435\u0437\u0435\u043d\u0442\u0430\u0446\u0438\u044e", "description": "\u041d\u0430\u043f\u0440\u0430\u0432\u0438\u0442\u044c \u0440\u0430\u0437\u0432\u0435\u0440\u043d\u0443\u0442\u0443\u044e \u0438\u043d\u0444\u043e\u0440\u043c\u0430\u0446\u0438\u044e \u0441 \u043f\u0440\u0435\u0437\u0435\u043d\u0442\u0430\u0446\u0438\u044f\u043c\u0438 \u043f\u043e \u0440\u0435\u0448\u0435\u043d\u0438\u044f\u043c Rexroth \u0432 \u0442.\u0447. PPM, AJT \u0438 \u0442.\u0434.\r\n\u0414\u043e\u0431\u0430\u0432\u0438\u0442\u044c \u0437\u0430\u0440\u0443\u0431\u0435\u0436\u043d\u044b\u0435 \u0440\u0435\u0444\u0435\u0440\u0435\u043d\u0441\u044b \u043f\u043e \u0430\u0432\u0438\u0430\u0441\u0442\u0440\u043e\u0435\u043d\u0438\u044e.", "due_time": "2020-09-25T11:00:00Z", "done": true, "importance": "4URG", "event": 48, "company": 33, "person": 23, "project": null, "manager": 2, "executor": null}}, {"model": "business.reminder", "pk": 19, "fields": {"task": "\u0412\u0437\u0430\u0438\u043c\u043e\u0441\u0432\u044f\u0437\u044c \u043c\u0435\u0436\u0434\u0443 \u043a\u043e\u043c\u043f\u0430\u043d\u0438\u044f\u043c\u0438", "description": "\u0414\u043e\u0447\u0435\u0440\u043d\u0435\u0435 \u043f\u0440\u0435\u0434\u043f\u0440\u0438\u044f\u0442\u0438\u0435\r\n\u0413\u043e\u043b\u043e\u0432\u043d\u0430\u044f \u043a\u043e\u043c\u043f\u0430\u043d\u0438\u044f\r\n\u0412\u0445\u043e\u0434\u0438\u0442 \u0432 \u0445\u043e\u043b\u0434\u0438\u043d\u0433", "due_time": "2020-09-27T10:13:27Z", "done": false, "importance": "2MID", "event": null, "company": 6, "person": null, "project": null, "manager": 2, "executor": null}}, {"model": "business.reminder", "pk": 22, "fields": {"task": "\u041d\u0430\u043f\u0440\u0430\u0432\u0438\u0442\u044c \u0440\u0435\u0444\u0435\u0440\u0435\u043d\u0441\u044b", "description": "\u041d\u0430\u043f\u0440\u0430\u0432\u0438\u0442\u044c \u0434\u0440\u0443\u0433\u0438\u0435 \u0440\u0435\u0444\u0435\u0440\u0435\u043d\u0441\u044b \u043f\u043e \u0430\u0432\u0442\u043e\u043c\u0430\u0442\u0438\u0437\u0430\u0446\u0438\u0438 \u0437\u0434\u0430\u043d\u0438\u0439 (\u0434\u043e\u043f\u043e\u043b\u043d\u0438\u0442\u044c \u0440\u0435\u0444\u0435\u0440\u0435\u043d\u0441\u0430\u043c\u0438 \u0437\u0430\u0440\u0443\u0431\u0435\u0436\u043d\u044b\u0445 \u043a\u043e\u043b\u043b\u0435\u0433).", "due_time": "2020-09-29T09:00:00Z", "done": false, "importance": "3HI", "event": 50, "company": 29, "person": 22, "project": null, "manager": 2, "executor": null}}, {"model": "business.reminder", "pk": 23, "fields": {"task": "\u041d\u0430\u043f\u0440\u0430\u0432\u0438\u0442\u044c \u0441\u043f\u0435\u0446\u0438\u0444\u0438\u043a\u0430\u0446\u0438\u044e", "description": "\u041d\u0430\u043f\u0440\u0430\u0432\u0438\u0442\u044c \u043f\u0440\u043e\u0448\u043b\u043e\u0433\u043e\u0434\u043d\u044e\u044e \u0441\u043f\u0435\u043a\u0443 \u0434\u043b\u044f \u041a\u0440\u043e\u043a \u0441 \u043e\u0431\u043d\u043e\u0432\u043b\u0435\u043d\u043d\u044b\u043c\u0438 \u0446\u0435\u043d\u0430\u043c\u0438 (\u0447\u0435\u0440\u0435\u0437 OCS)", "due_time": "2020-09-28T16:00:00Z", "done": true, "importance": "3HI", "event": 50, "company": 29, "person": 22, "project": null, "manager": 2, "executor": null}}, {"model": "business.reminder", "pk": 24, "fields": {"task": "\u041d\u0430\u0437\u043d\u0430\u0447\u0438\u0442\u044c \u043e\u0431\u0443\u0447\u0435\u043d\u0438\u0435 \u0434\u043b\u044f \u0438\u043d\u0436\u0435\u043d\u0435\u0440\u043e\u0432 CROC", "description": "\u0412 \u0431\u043b\u0438\u0436\u0430\u0439\u0448\u0435\u0435 \u0432\u0440\u0435\u043c\u044f.", "due_time": "2020-09-29T10:22:38Z", "done": false, "importance": "2MID", "event": 50, "company": 29, "person": 21, "project": null, "manager": 2, "executor": null}}, {"model": "business.reminder", "pk": 25, "fields": {"task": "\u041f\u043e\u0434\u0431\u043e\u0440\u043a\u0430 \u043f\u0440\u0435\u0438\u043c\u0443\u0449\u0435\u0441\u0442\u0432", "description": "\u041d\u0430\u043f\u0440\u0430\u0432\u0438\u0442\u044c \u043f\u043e\u0434\u0431\u043e\u0440\u043a\u0443 \u043f\u0440\u0435\u0438\u043c\u0443\u0449\u0435\u0441\u0442\u0432 \u043e\u0431\u043e\u0440\u0443\u0434\u043e\u0432\u0430\u043d\u0438\u044f Rexroth \u043f\u0435\u0440\u0435\u0434 \u043a\u043e\u043d\u043a\u0443\u0440\u0435\u043d\u0442\u0430\u043c\u0438 \u0434\u043b\u044f \u0437\u0430\u0449\u0438\u0442\u044b \u043f\u0440\u0435\u0434\u043b\u043e\u0436\u0435\u043d\u0438\u044f.", "due_time": "2020-09-30T15:23:38Z", "done": true, "importance": "4URG", "event": 50, "company": 29, "person": 20, "project": null, "manager": 2, "executor": null}}, {"model": "business.reminder", "pk": 26, "fields": {"task": "\u0423\u0437\u043d\u0430\u0442\u044c \u0440\u0435\u0448\u0435\u043d\u0438\u0435 \u043f\u043e \u0422\u041a\u041f", "description": "\u041f\u043e\u0437\u0432\u043e\u043d\u0438\u0442\u044c \u0438 \u0443\u0437\u043d\u0430\u0442\u044c, \u043a\u0430\u043a\u0438\u0435 \u0435\u0449\u0435 \u043c\u0435\u0440\u043e\u043f\u0440\u0438\u044f\u0442\u0438\u044f \u043d\u0443\u0436\u043d\u044b \u0434\u043b\u044f \u0441\u043e\u0433\u043b\u0430\u0441\u043e\u0432\u0430\u043d\u0438\u044f \u043f\u043e\u0441\u0442\u0430\u0432\u043a\u0438 \u041f\u0427. \u041d\u0430\u0441\u043a\u043e\u043b\u044c\u043a\u043e \u0434\u043e\u0440\u043e\u0436\u0435 \u0438\u043b\u0438 \u0434\u0435\u0448\u0435\u0432\u043b\u0435 \u043f\u0440\u0435\u0434\u043b\u043e\u0436\u0435\u043d\u0438\u0435 Rexroth.", "due_time": "2020-10-08T09:00:00Z", "done": true, "importance": "2MID", "event": 59, "company": 36, "person": 27, "project": null, "manager": 2, "executor": null}}, {"model": "business.reminder", "pk": 27, "fields": {"task": "\u041f\u0440\u0435\u0434\u043e\u0441\u0442\u0430\u0432\u0438\u0442\u044c \u041a\u041f", "description": "\u041e\u0431\u043d\u043e\u0432\u043b\u0435\u043d\u043d\u043e\u0435 \u041a\u041f \u043d\u0430 \u0423\u0440\u0430\u043b\u043a\u0440\u0430\u043d.", "due_time": "2020-10-08T12:29:10Z", "done": true, "importance": "3HI", "event": 60, "company": 36, "person": 27, "project": null, "manager": 2, "executor": null}}, {"model": "business.reminder", "pk": 28, "fields": {"task": "\u041f\u043e\u043b\u0443\u0447\u0438\u0442\u044c \u043e\u0442\u0432\u0435\u0442 \u043f\u043e \u041a\u041f", "description": "\u041f\u0440\u0435\u0434\u043b\u043e\u0436\u0435\u043d\u0438\u0435 \u0441\u043e \u0441\u043a\u0438\u0434\u043a\u043e\u0439 47% \u0434\u043b\u044f \u0443\u0447\u0430\u0441\u0442\u0438\u044f \u0432 \u0442\u0435\u043d\u0434\u0435\u0440\u0435. \u041f\u043e\u043b\u0443\u0447\u0438\u0442\u044c \u043e\u0431\u0440\u0430\u0442\u043d\u0443\u044e \u0441\u0432\u044f\u0437\u044c.", "due_time": "2020-10-13T11:55:47Z", "done": false, "importance": "2MID", "event": 63, "company": 36, "person": 27, "project": null, "manager": 2, "executor": 3}}, {"model": "business.reminder", "pk": 29, "fields": {"task": "\u041d\u0430\u043f\u0440\u0430\u0432\u0438\u0442\u044c \u0440\u0430\u0437\u0434\u0430\u0442\u043a\u0443 \u0438 \u043f\u043e\u043b\u0443\u0447\u0438\u0442\u044c \u043e\u0431\u0440\u0430\u0442\u043d\u0443\u044e \u0441\u0432\u044f\u0437\u044c", "description": "\u041f\u043e\u0434\u0433\u043e\u0442\u043e\u0432\u0438\u0442\u044c \u043e\u043f\u0440\u043e\u0441\u043d\u0438\u043a, \u0441\u043e\u0431\u0440\u0430\u0442\u044c \u043c\u0430\u0442\u0435\u0440\u0438\u0430\u043b\u044b \u0438 \u0442.\u0434.", "due_time": "2020-10-19T12:02:12Z", "done": true, "importance": "3HI", "event": 64, "company": 1, "person": 1, "project": null, "manager": 2, "executor": null}}, {"model": "business.reminder", "pk": 31, "fields": {"task": "Another test", "description": "asd", "due_time": "2020-10-21T15:21:25Z", "done": true, "importance": "1LOW", "event": null, "company": 6, "person": null, "project": null, "manager": 2, "executor": null}}, {"model": "business.reminder", "pk": 32, "fields": {"task": "test reminder", "description": "asd", "due_time": "2020-10-22T13:31:05Z", "done": false, "importance": "1LOW", "event": null, "company": 6, "person": null, "project": null, "manager": null, "executor": 2}}, {"model": "business.reminder", "pk": 34, "fields": {"task": "Task for Bosch Rexroth", "description": "Random text.", "due_time": "2020-10-25T15:59:17Z", "done": false, "importance": "1LOW", "event": 69, "company": 6, "person": 33, "project": null, "manager": null, "executor": 2}}, {"model": "business.project", "pk": 1, "fields": {"code": "CRC2020-001", "location": "\u0421\u0430\u043c\u0430\u0440\u0430", "short_description": "\u0414\u0432\u043e\u0440\u0435\u0446 \u0441\u043f\u043e\u0440\u0442\u0430", "description": "Dummy", "volume": 45000, "registry_date": "2020-08-03T17:14:11Z", "fulfilment_date": "2020-08-25T17:14:14Z", "manager": 2, "status": 1, "stage": 5}}, {"model": "business.project", "pk": 2, "fields": {"code": "KSM2019-001", "location": "\u0422\u043e\u043b\u044c\u044f\u0442\u0442\u0438", "short_description": "\u041b\u0438\u043d\u0438\u044f \u0441\u0431\u043e\u0440\u043a\u0438 \u043d\u043e\u0432\u044b\u0445 \u043c\u043e\u0442\u043e\u0440\u043e\u0432 \u0410\u0432\u0442\u043e\u0412\u0410\u0417", "description": "\u041b\u0438\u043d\u0438\u044f \u0441\u0431\u043e\u0440\u043a\u0438 8-\u043a\u043b\u0430\u043f\u0430\u043d\u043d\u044b\u0445 \u0434\u0432\u0438\u0433\u0430\u0442\u0435\u043b\u0435\u0439 \u0415\u0412\u041e \u0410\u0432\u0442\u043e\u0412\u0410\u0417, \u043c\u043e\u0434\u0438\u0444\u0438\u043a\u0430\u0446\u0438\u044f \u043d\u043e\u0432\u044b\u0445 \u0434\u0432\u0438\u0433\u0430\u0442\u0435\u043b\u0435\u0439.\r\n\u0420\u0430\u0441\u0448\u0438\u0440\u0435\u043d\u043d\u0430\u044f \u0433\u0430\u0440\u0430\u043d\u0442\u0438\u044f \u043e\u0442 \u041a\u043e\u0441\u043c\u043e\u0441 \u0420\u0423\u0421: 18 \u043c\u0435\u0441\u044f\u0446\u0435\u0432.\r\n\u041f\u0443\u0441\u043a\u043e\u043d\u0430\u043b\u0430\u0434\u043a\u0430: 6 \u043c\u0435\u0441\u044f\u0446\u0435\u0432.\r\n\r\n\u041f\u0440\u043e\u0431\u043b\u0435\u043c\u0430 \u0437\u0430\u043a\u043b\u044e\u0447\u0430\u0435\u0442\u0441\u044f \u0432 \u0442\u043e\u043c, \u0447\u0442\u043e Comau \u0438\u043c\u0435\u0435\u0442 \u0441\u043a\u0438\u0434\u043a\u0443 \u0432 \u0418\u0442\u0430\u043b\u0438\u0438 50%, \u043f\u043e\u044d\u0442\u043e\u043c\u0443 \u043f\u0440\u0438\u0432\u0435\u0437\u0442\u0438 \u043e\u0442\u0442\u0443\u0434\u0430 \u0432\u044b\u0433\u043e\u0434\u043d\u0435\u0439, \u0447\u0435\u043c \u043f\u043e\u043a\u0443\u043f\u0430\u0442\u044c \u0447\u0435\u0440\u0435\u0437 \u041a\u043e\u0441\u043c\u043e\u0441 \u0420\u0423\u0421 \u0442\u0443\u0442. \u0414\u0430\u043b\u0438 \u041a\u043e\u0441\u043c\u043e\u0441 \u0420\u0423\u0421 \u0434\u043e\u043f. \u0441\u043a\u0438\u0434\u043a\u0443 63.28%, \u043d\u0435\u043c\u0446\u044b \u043f\u043e\u0434\u0442\u0432\u0435\u0440\u0434\u0438\u043b\u0438 \u0441\u043a\u0438\u0434\u043a\u0443 DCRU 74%.\r\n\r\nRexroth \u0443\u0436\u0435 \u043f\u0440\u043e\u043f\u0438\u0441\u0430\u043d \u0432 \u0422\u0417, \u043f\u043e\u044d\u0442\u043e\u043c\u0443 Comau \u0434\u043e\u043b\u0436\u0435\u043d \u043f\u043e\u0441\u0442\u0430\u0432\u0438\u0442\u044c \u043d\u0430 \u043f\u0440\u043e\u0435\u043a\u0442 \u0442\u043e\u043b\u044c\u043a\u043e \u044d\u0442\u043e\u0442 \u0431\u0440\u0435\u043d\u0434.", "volume": 300000, "registry_date": "2019-08-31T21:00:00Z", "fulfilment_date": "2021-12-30T21:00:00Z", "manager": 2, "status": 4, "stage": 6}}, {"model": "business.project", "pk": 3, "fields": {"code": "RNS2019-001", "location": "\u041c\u043e\u0441\u043a\u0432\u0430", "short_description": "\u0422\u0443\u0448\u0438\u043d\u043e-2018", "description": "\u041c\u0430\u0441\u0448\u0442\u0430\u0431\u043d\u043e\u0435 \u043a\u043e\u043c\u043f\u043b\u0435\u043a\u0441\u043d\u043e\u0435 \u0440\u0430\u0437\u0432\u0438\u0442\u0438\u0435 \u0442\u0435\u0440\u0440\u0438\u0442\u043e\u0440\u0438\u0438 \u0422\u0443\u0448\u0438\u043d\u0441\u043a\u043e\u0433\u043e \u0430\u044d\u0440\u043e\u0434\u0440\u043e\u043c\u0430 \u0432 \u041c\u043e\u0441\u043a\u0432\u0435. \u041f\u0440\u0435\u043e\u0431\u0440\u0430\u0437\u043e\u0432\u0430\u0442\u0435\u043b\u0438 \u0447\u0430\u0441\u0442\u043e\u0442\u044b Bosch Rexroth \u0440\u0430\u0441\u0441\u043c\u0430\u0442\u0440\u0438\u0432\u0430\u044e\u0442\u0441\u044f \u0432 \u043a\u0430\u0447\u0435\u0441\u0442\u0432\u0435 \u0430\u043b\u044c\u0442\u0435\u0440\u043d\u0430\u0442\u0438\u0432\u044b ABB.", "volume": 260000, "registry_date": "2019-10-03T21:00:00Z", "fulfilment_date": null, "manager": 2, "status": 7, "stage": 10}}, {"model": "business.project", "pk": 4, "fields": {"code": "VST2020-001", "location": "\u0420\u043e\u0441\u0441\u0438\u044f", "short_description": "\u0426\u041e\u0414 TELE2", "description": "\u0410\u0432\u0442\u043e\u043c\u0430\u0442\u0438\u0437\u0430\u0446\u0438\u044f 12-\u0442\u0438 \u0426\u041e\u0414 TELE2. \u041a\u043e\u043d\u043a\u0443\u0440\u0435\u043d\u0442 VAG.", "volume": 20000, "registry_date": "2020-07-21T21:00:00Z", "fulfilment_date": null, "manager": 2, "status": 1, "stage": 3}}, {"model": "business.project", "pk": 5, "fields": {"code": "VIL2017-001", "location": "\u0412\u043e\u043b\u0433\u043e\u0433\u0440\u0430\u0434", "short_description": "\u0421\u0442\u0430\u0434\u0438\u043e\u043d \u0412\u043e\u043b\u0433\u043e\u0433\u0440\u0430\u0434 \u0410\u0440\u0435\u043d\u0430", "description": "\u0410\u0432\u0442\u043e\u043c\u0430\u0442\u0438\u0437\u0430\u0446\u0438\u044f \u0441\u0442\u0430\u0434\u0438\u043e\u043d\u0430 \u00ab\u0412\u043e\u043b\u0433\u043e\u0433\u0440\u0430\u0434 \u0410\u0440\u0435\u043d\u0430\u00bb \u0434\u043b\u044f \u0447\u0435\u043c\u043f\u0438\u043e\u043d\u0430\u0442\u0430 \u043c\u0438\u0440\u0430 \u043f\u043e \u0444\u0443\u0442\u0431\u043e\u043b\u0443 FIFA2018.\r\n\u041f\u0440\u0435\u0434\u043e\u0441\u0442\u0430\u0432\u043b\u0435\u043d\u0430 \u0440\u0430\u0441\u0448\u0438\u0440\u0435\u043d\u043d\u0430\u044f \u0433\u0430\u0440\u0430\u043d\u0442\u0438\u044f 5 \u043b\u0435\u0442.", "volume": 55000, "registry_date": "2017-03-06T21:00:00Z", "fulfilment_date": "2018-03-29T21:00:00Z", "manager": 2, "status": 6, "stage": 9}}, {"model": "business.project", "pk": 6, "fields": {"code": "OCS2019-001", "location": "\u041e\u0431\u043d\u0438\u043d\u0441\u043a", "short_description": "\u0413\u043e\u0441\u0443\u0434\u0430\u0440\u0441\u0442\u0432\u0435\u043d\u043d\u044b\u0439 \u0430\u0440\u0445\u0438\u0432 \u0420\u0424", "description": "\u0421\u0438\u0441\u0442\u0435\u043c\u044b \u0431\u0435\u0437\u043e\u043f\u0430\u0441\u043d\u043e\u0441\u0442\u0438 \u0432 \u0413\u043e\u0441\u0430\u0440\u0445\u0438\u0432\u0435 \u0420\u0424.\r\n\u0410\u0434\u0440\u0435\u0441: \u041a\u0430\u043b\u0443\u0436\u0441\u043a\u0430\u044f \u043e\u0431\u043b\u0430\u0441\u0442\u044c, \u041e\u0431\u043d\u0438\u043d\u0441\u043a, \u043a\u0432\u0430\u0440\u0442\u0430\u043b \u0421\u0442\u0443\u0434\u0435\u043d\u0447\u0435\u0441\u043a\u0438\u0439 \u0433\u043e\u0440\u043e\u0434\u043e\u043a, \u0434.1\r\n\u0414\u0430\u043d\u043d\u044b\u0439 \u043f\u0440\u043e\u0435\u043a\u0442 \u0437\u0430\u0440\u0435\u0433\u0438\u0441\u0442\u0440\u0438\u0440\u043e\u0432\u0430\u043d \u0443 IOCS \u0432 \u0411\u043e\u0448\u0435, \u043f\u0430\u0440\u0442\u043d\u0435\u0440 I-Teco.\r\n\u0421\u0435\u0439\u0447\u0430\u0441 \u0435\u0441\u0442\u044c \u0432\u043e\u0437\u043c\u043e\u0436\u043d\u043e\u0441\u0442\u044c \u043f\u0435\u0440\u0435\u0441\u0447\u0438\u0442\u0430\u0442\u044c \u043e\u0431\u043e\u0440\u0443\u0434\u043e\u0432\u0430\u043d\u0438\u0435 \u0434\u0440\u0443\u0433\u0438\u0445 \u043f\u0440\u043e\u0438\u0437\u0432\u043e\u0434\u0438\u0442\u0435\u043b\u0435\u0439 \u043d\u0430 Rexroth, \u0438 \u043f\u0430\u0440\u0442\u043d\u0435\u0440 \u0433\u043e\u0442\u043e\u0432 \u043a \u043b\u044e\u0431\u044b\u043c \u0437\u0430\u043c\u0435\u043d\u0430\u043c \u0438 \u0441\u043e\u0433\u043b\u0430\u0441\u043e\u0432\u0430\u043d\u0438\u044f\u043c.\r\n\u0412\u043e \u0432\u043b\u043e\u0436\u0435\u043d\u0438\u0438 \u043f\u0440\u043e\u0435\u043a\u0442\u043d\u0430\u044f \u0434\u043e\u043a\u0443\u043c\u0435\u043d\u0442\u0430\u0446\u0438\u044f \u0438 \u0441\u043f\u0435\u0446\u0438\u0444\u0438\u043a\u0430\u0446\u0438\u044f.", "volume": 160000, "registry_date": "2019-10-17T21:00:00Z", "fulfilment_date": null, "manager": 2, "status": 1, "stage": 4}}, {"model": "business.project", "pk": 7, "fields": {"code": "KSM2017-001", "location": "\u041c\u043e\u0441\u043a\u0432\u0430", "short_description": "\u00ab\u041a\u043e\u0440\u0442\u0435\u0436\u00bb", "description": "\u0420\u0430\u0437\u0440\u0430\u0431\u043e\u0442\u043a\u0430 \u043f\u0440\u0435\u0434\u0441\u0442\u0430\u0432\u0438\u0442\u0435\u043b\u044c\u0441\u043a\u043e\u0433\u043e \u0430\u0432\u0442\u043e\u043c\u043e\u0431\u0438\u043b\u044f \u00abAurus\u00bb \u0434\u043b\u044f \u043f\u0435\u0440\u0435\u0432\u043e\u0437\u043a\u0438 \u0438 \u0441\u043e\u043f\u0440\u043e\u0432\u043e\u0436\u0434\u0435\u043d\u0438\u044f \u043f\u0435\u0440\u0432\u044b\u0445 \u043b\u0438\u0446 \u0433\u043e\u0441\u0443\u0434\u0430\u0440\u0441\u0442\u0432\u0430, \u0430 \u0442\u0430\u043a\u0436\u0435 \u0434\u0440\u0443\u0433\u0438\u0445 \u043b\u0438\u0446, \u043f\u043e\u0434\u043b\u0435\u0436\u0430\u0449\u0438\u0445 \u0433\u043e\u0441\u0443\u0434\u0430\u0440\u0441\u0442\u0432\u0435\u043d\u043d\u043e\u0439 \u043e\u0445\u0440\u0430\u043d\u0435. \u041f\u0435\u0440\u0432\u044b\u0435 \u043c\u043e\u0434\u0435\u043b\u0438 \u0431\u0443\u0434\u0443\u0442 \u043f\u0440\u043e\u0438\u0437\u0432\u0435\u0434\u0435\u043d\u044b \u043d\u0430 \u0431\u0430\u0437\u0435 \u0424\u0413\u0423\u041f \u00ab\u041d\u0410\u041c\u0418\u00bb.", "volume": null, "registry_date": "2017-05-13T21:00:00Z", "fulfilment_date": null, "manager": 2, "status": 6, "stage": 9}}, {"model": "business.project", "pk": 8, "fields": {"code": "KSM2019-002", "location": "\u0415\u043b\u0430\u0431\u0443\u0433\u0430", "short_description": "\u00ab\u041a\u043e\u0440\u0442\u0435\u0436\u00bb", "description": "\u0421\u0435\u0440\u0438\u0439\u043d\u043e\u0435 \u043f\u0440\u043e\u0438\u0437\u0432\u043e\u0434\u0441\u0442\u0432\u0430 \u0430\u0432\u0442\u043e\u043c\u043e\u0431\u0438\u043b\u044f \u00abAurus\u00bb \u0432 \u041e\u042d\u0417 \u00ab\u0410\u043b\u0430\u0431\u0443\u0433\u0430\u00bb.", "volume": null, "registry_date": "2019-08-14T21:00:00Z", "fulfilment_date": null, "manager": 2, "status": 7, "stage": 10}}, {"model": "business.project", "pk": 9, "fields": {"code": "KSM2020-001", "location": "\u0422\u043e\u043b\u044c\u044f\u0442\u0442\u0438", "short_description": "\u041c\u043e\u0434\u0435\u0440\u043d\u0438\u0437\u0430\u0446\u0438\u044f \u043b\u0438\u043d\u0438\u0438 \u0441\u0431\u043e\u0440\u043a\u0438 \u043a\u043e\u0440\u043e\u0431\u043a\u0438 \u043f\u0435\u0440\u0435\u0434\u0430\u0447 \u0410\u0432\u0442\u043e\u0412\u0410\u0417", "description": "8-9 \u0441\u0442\u0430\u043d\u0446\u0438\u0439 \u0434\u043e\u043b\u0436\u043d\u044b \u0431\u044b\u0442\u044c \u043c\u043e\u0434\u0435\u0440\u043d\u0438\u0437\u0438\u0440\u043e\u0432\u0430\u043d\u044b. \u0421\u0440\u043e\u043a\u0438 \u0440\u0435\u0430\u043b\u0438\u0437\u0430\u0446\u0438\u0438 \u043f\u0440\u043e\u0435\u043a\u0442\u0430 \u043d\u0435\u0438\u0437\u0432\u0435\u0441\u0442\u043d\u044b.", "volume": 100000, "registry_date": "2020-09-06T21:00:00Z", "fulfilment_date": null, "manager": 2, "status": 1, "stage": 5}}, {"model": "business.project", "pk": 10, "fields": {"code": "SVP2020-001", "location": "\u041c\u043e\u0441\u043a\u0432\u0430", "short_description": "\u0411\u0438\u0437\u043d\u0435\u0441-\u0446\u0435\u043d\u0442\u0440 \u00abARCUS 4\u00bb", "description": "\u0427\u0435\u0442\u0432\u0451\u0440\u0442\u044b\u0439 \u043e\u0444\u0438\u0441\u043d\u044b\u0439 \u043a\u043e\u043c\u043f\u043b\u0435\u043a\u0441 \u043a\u043b\u0430\u0441\u0441\u0430 \u0410 \u043f\u043e\u0434 \u0431\u0440\u0435\u043d\u0434\u043e\u043c \u00abARCUS\u00bb.\r\n\u041b\u0435\u043d\u0438\u043d\u0433\u0440\u0430\u0434\u0441\u043a\u0438\u0439 \u043f\u0440\u043e\u0441\u043f\u0435\u043a\u0442, \u0432\u043b.37A, \u043a\u043e\u0440\u043f.14/1.", "volume": null, "registry_date": "2020-07-30T21:00:00Z", "fulfilment_date": "2021-12-11T21:00:00Z", "manager": 2, "status": 1, "stage": 1}}, {"model": "business.project", "pk": 11, "fields": {"code": "OCS2019-012", "location": "\u041a\u0435\u043c\u0435\u0440\u043e\u0432\u043e", "short_description": "\u041a\u0443\u0437\u0431\u0430\u0441\u0441-\u0410\u0440\u0435\u043d\u0430", "description": "OCS: \u041f\u0440\u043e\u0435\u043a\u0442\u0438\u0440\u0443\u0435\u043c \u0441 \u043f\u0430\u0440\u0442\u043d\u0435\u0440\u043e\u043c \u043d\u043e\u0432\u0443\u044e \u0430\u0440\u0435\u043d\u0443 \u043f\u043e \u0412\u043e\u043b\u0435\u0439\u0431\u043e\u043b\u0443 \u2013 \u041a\u0443\u0437\u0431\u0430\u0441\u0441-\u0410\u0440\u0435\u043d\u0430.\r\n\u041a\u0435\u043c\u0435\u0440\u043e\u0432\u043e, \u041f\u0440\u0438\u0442\u043e\u043c\u0441\u043a\u0438\u0439 \u043f\u0440\u043e\u0441\u043f\u0435\u043a\u0442 10.\r\n\u0418\u043d\u0442\u0435\u0433\u0440\u0430\u0442\u043e\u0440 \u2013 \u0426\u0418\u0422.\r\n\u0418 \u0441\u043b\u0435\u0434\u043e\u043c, \u0432\u043e \u0432\u043b\u043e\u0436\u0435\u043d\u0438\u0438, \u0434\u043e\u043a\u0443\u043c\u0435\u043d\u0442\u0430\u0446\u0438\u044f.\r\n\u041e\u0447\u0435\u043d\u044c \u0441\u043b\u043e\u0436\u043d\u043e \u0441\u0444\u043e\u0440\u043c\u0438\u0440\u043e\u0432\u0430\u043d\u0430 \u0437\u0430\u0434\u0430\u0447\u0430, \u043d\u043e \u043d\u0430\u043c \u0445\u043e\u0447\u0435\u0442\u0441\u044f \u043f\u0435\u0440\u0435\u043b\u043e\u0436\u0438\u0442\u044c \u0438 \u043f\u0440\u0435\u0434\u043b\u043e\u0436\u0438\u0442\u044c \u043d\u0430 Rexroth.", "volume": null, "registry_date": "2019-12-22T21:00:00Z", "fulfilment_date": null, "manager": 2, "status": 1, "stage": 3}}, {"model": "business.project", "pk": 13, "fields": {"code": "VIL2019-001", "location": "\u042e\u0433", "short_description": "\u041c\u0424\u041a \u041c\u0438\u043d\u0444\u0438\u043d\u0430 \u0420\u043e\u0441\u0441\u0438\u0438", "description": "\u0410\u0432\u0442\u043e\u043c\u0430\u0442\u0438\u0437\u0430\u0446\u0438\u044f \u0441\u0430\u043d\u0430\u0442\u043e\u0440\u0438\u044f \u041c\u0438\u043d\u0444\u0438\u043d\u0430 \u0420\u043e\u0441\u0441\u0438\u0438.", "volume": 54854, "registry_date": "2019-05-30T21:00:00Z", "fulfilment_date": "2020-12-14T21:00:00Z", "manager": 2, "status": 5, "stage": 7}}, {"model": "business.project", "pk": 14, "fields": {"code": "BRX", "location": "\u041c\u043e\u0441\u043a\u0432\u0430", "short_description": "\u0422\u0435\u0441\u0442\u043e\u0432\u044b\u0439 \u043f\u0440\u043e\u0435\u043a\u0442", "description": "\u0422\u0435\u0441\u0442\u0438\u0440\u043e\u0432\u0430\u043d\u0438\u0435 ManyToMany.", "volume": 50000, "registry_date": "2020-10-11T21:00:00Z", "fulfilment_date": null, "manager": 2, "status": 1, "stage": 1}}, {"model": "admin.logentry", "pk": 1, "fields": {"action_time": "2020-08-09T14:38:06.454Z", "user": 2, "content_type": 9, "object_id": "1", "object_repr": "admin", "action_flag": 3, "change_message": ""}}, {"model": "admin.logentry", "pk": 2, "fields": {"action_time": "2020-08-09T14:38:16.736Z", "user": 2, "content_type": 9, "object_id": "2", "object_repr": "admin", "action_flag": 2, "change_message": "[{\"changed\": {\"fields\": [\"Username\"]}}]"}}, {"model": "admin.logentry", "pk": 3, "fields": {"action_time": "2020-08-09T14:39:04.044Z", "user": 2, "content_type": 3, "object_id": "1", "object_repr": "LegalForm object (1)", "action_flag": 1, "change_message": "[{\"added\": {}}]"}}, {"model": "admin.logentry", "pk": 4, "fields": {"action_time": "2020-08-09T14:41:51.218Z", "user": 2, "content_type": 3, "object_id": "1", "object_repr": "\u041e\u041e\u041e", "action_flag": 2, "change_message": "[]"}}, {"model": "admin.logentry", "pk": 5, "fields": {"action_time": "2020-08-09T14:42:06.789Z", "user": 2, "content_type": 3, "object_id": "2", "object_repr": "\u0410\u041e", "action_flag": 1, "change_message": "[{\"added\": {}}]"}}, {"model": "admin.logentry", "pk": 6, "fields": {"action_time": "2020-08-09T14:42:18.249Z", "user": 2, "content_type": 3, "object_id": "3", "object_repr": "\u0417\u0410\u041e", "action_flag": 1, "change_message": "[{\"added\": {}}]"}}, {"model": "admin.logentry", "pk": 7, "fields": {"action_time": "2020-08-09T14:43:27.189Z", "user": 2, "content_type": 3, "object_id": "4", "object_repr": "\u0418\u041f", "action_flag": 1, "change_message": "[{\"added\": {}}]"}}, {"model": "admin.logentry", "pk": 8, "fields": {"action_time": "2020-08-09T14:43:56.678Z", "user": 2, "content_type": 3, "object_id": "5", "object_repr": "\u041f\u0410\u041e", "action_flag": 1, "change_message": "[{\"added\": {}}]"}}, {"model": "admin.logentry", "pk": 9, "fields": {"action_time": "2020-08-09T14:44:47.051Z", "user": 2, "content_type": 3, "object_id": "6", "object_repr": "\u041e\u0410\u041e", "action_flag": 1, "change_message": "[{\"added\": {}}]"}}, {"model": "admin.logentry", "pk": 10, "fields": {"action_time": "2020-08-09T14:45:21.497Z", "user": 2, "content_type": 3, "object_id": "7", "object_repr": "AG", "action_flag": 1, "change_message": "[{\"added\": {}}]"}}, {"model": "admin.logentry", "pk": 11, "fields": {"action_time": "2020-08-09T14:46:04.485Z", "user": 2, "content_type": 10, "object_id": "1", "object_repr": "FAFC", "action_flag": 1, "change_message": "[{\"added\": {}}]"}}, {"model": "admin.logentry", "pk": 12, "fields": {"action_time": "2020-08-09T14:46:17.537Z", "user": 2, "content_type": 10, "object_id": "2", "object_repr": "FALT", "action_flag": 1, "change_message": "[{\"added\": {}}]"}}, {"model": "admin.logentry", "pk": 13, "fields": {"action_time": "2020-08-09T14:46:37.563Z", "user": 2, "content_type": 10, "object_id": "3", "object_repr": "FA", "action_flag": 1, "change_message": "[{\"added\": {}}]"}}, {"model": "admin.logentry", "pk": 14, "fields": {"action_time": "2020-08-09T14:46:50.419Z", "user": 2, "content_type": 10, "object_id": "4", "object_repr": "MA", "action_flag": 1, "change_message": "[{\"added\": {}}]"}}, {"model": "admin.logentry", "pk": 15, "fields": {"action_time": "2020-08-09T14:47:22.901Z", "user": 2, "content_type": 10, "object_id": "2", "object_repr": "FALT", "action_flag": 2, "change_message": "[{\"changed\": {\"fields\": [\"Description\"]}}]"}}, {"model": "admin.logentry", "pk": 16, "fields": {"action_time": "2020-08-09T14:47:45.544Z", "user": 2, "content_type": 10, "object_id": "4", "object_repr": "MA", "action_flag": 2, "change_message": "[]"}}, {"model": "admin.logentry", "pk": 17, "fields": {"action_time": "2020-08-09T14:48:24.439Z", "user": 2, "content_type": 10, "object_id": "4", "object_repr": "MA", "action_flag": 2, "change_message": "[{\"changed\": {\"fields\": [\"Description\"]}}]"}}, {"model": "admin.logentry", "pk": 18, "fields": {"action_time": "2020-08-09T14:48:43.439Z", "user": 2, "content_type": 10, "object_id": "5", "object_repr": "ME", "action_flag": 1, "change_message": "[{\"added\": {}}]"}}, {"model": "admin.logentry", "pk": 19, "fields": {"action_time": "2020-08-09T14:49:24.096Z", "user": 2, "content_type": 10, "object_id": "4", "object_repr": "MA", "action_flag": 2, "change_message": "[]"}}, {"model": "admin.logentry", "pk": 20, "fields": {"action_time": "2020-08-09T14:49:38.706Z", "user": 2, "content_type": 10, "object_id": "3", "object_repr": "FA", "action_flag": 2, "change_message": "[{\"changed\": {\"fields\": [\"Description\"]}}]"}}, {"model": "admin.logentry", "pk": 21, "fields": {"action_time": "2020-08-09T14:50:19.437Z", "user": 2, "content_type": 10, "object_id": "6", "object_repr": "FAMT", "action_flag": 1, "change_message": "[{\"added\": {}}]"}}, {"model": "admin.logentry", "pk": 22, "fields": {"action_time": "2020-08-09T14:50:32.048Z", "user": 2, "content_type": 10, "object_id": "6", "object_repr": "FAAT", "action_flag": 2, "change_message": "[{\"changed\": {\"fields\": [\"Title\"]}}]"}}, {"model": "admin.logentry", "pk": 23, "fields": {"action_time": "2020-08-09T14:50:43.315Z", "user": 2, "content_type": 10, "object_id": "6", "object_repr": "FAAT", "action_flag": 3, "change_message": ""}}, {"model": "admin.logentry", "pk": 24, "fields": {"action_time": "2020-08-09T14:51:57.063Z", "user": 2, "content_type": 12, "object_id": "1", "object_repr": "FAFC | OEM | A : 47 %", "action_flag": 1, "change_message": "[{\"added\": {}}]"}}, {"model": "admin.logentry", "pk": 25, "fields": {"action_time": "2020-08-09T16:29:05.920Z", "user": 2, "content_type": 12, "object_id": "2", "object_repr": "FAFC | OEM | B : 45 %", "action_flag": 1, "change_message": "[{\"added\": {}}]"}}, {"model": "admin.logentry", "pk": 26, "fields": {"action_time": "2020-08-09T16:29:19.893Z", "user": 2, "content_type": 12, "object_id": "3", "object_repr": "FAFC | OEM | C : 40 %", "action_flag": 1, "change_message": "[{\"added\": {}}]"}}, {"model": "admin.logentry", "pk": 27, "fields": {"action_time": "2020-08-09T16:29:31.212Z", "user": 2, "content_type": 12, "object_id": "4", "object_repr": "FAFC | OEM | D : 35 %", "action_flag": 1, "change_message": "[{\"added\": {}}]"}}, {"model": "admin.logentry", "pk": 28, "fields": {"action_time": "2020-08-09T16:29:57.977Z", "user": 2, "content_type": 12, "object_id": "5", "object_repr": "FAFC | SI | A : 45 %", "action_flag": 1, "change_message": "[{\"added\": {}}]"}}, {"model": "admin.logentry", "pk": 29, "fields": {"action_time": "2020-08-09T16:30:08.071Z", "user": 2, "content_type": 12, "object_id": "6", "object_repr": "FAFC | SI | B : 40 %", "action_flag": 1, "change_message": "[{\"added\": {}}]"}}, {"model": "admin.logentry", "pk": 30, "fields": {"action_time": "2020-08-09T16:30:20.145Z", "user": 2, "content_type": 12, "object_id": "7", "object_repr": "FAFC | SI | C : 35 %", "action_flag": 1, "change_message": "[{\"added\": {}}]"}}, {"model": "admin.logentry", "pk": 31, "fields": {"action_time": "2020-08-09T16:30:31.537Z", "user": 2, "content_type": 12, "object_id": "8", "object_repr": "FAFC | Si | D : 30 %", "action_flag": 1, "change_message": "[{\"added\": {}}]"}}, {"model": "admin.logentry", "pk": 32, "fields": {"action_time": "2020-08-09T16:30:45.758Z", "user": 2, "content_type": 12, "object_id": "9", "object_repr": "FAFC | DW | A : 45 %", "action_flag": 1, "change_message": "[{\"added\": {}}]"}}, {"model": "admin.logentry", "pk": 33, "fields": {"action_time": "2020-08-09T16:31:01.720Z", "user": 2, "content_type": 12, "object_id": "10", "object_repr": "FAFC | DW | B : 35 %", "action_flag": 1, "change_message": "[{\"added\": {}}]"}}, {"model": "admin.logentry", "pk": 34, "fields": {"action_time": "2020-08-09T16:31:12.817Z", "user": 2, "content_type": 12, "object_id": "11", "object_repr": "FAFC | DW | C : 25 %", "action_flag": 1, "change_message": "[{\"added\": {}}]"}}, {"model": "admin.logentry", "pk": 35, "fields": {"action_time": "2020-08-09T16:31:22.364Z", "user": 2, "content_type": 12, "object_id": "12", "object_repr": "FAFC | DW | D : 15 %", "action_flag": 1, "change_message": "[{\"added\": {}}]"}}, {"model": "admin.logentry", "pk": 36, "fields": {"action_time": "2020-08-09T16:34:47.929Z", "user": 2, "content_type": 2, "object_id": "1", "object_repr": "CompanyStatus object (1)", "action_flag": 1, "change_message": "[{\"added\": {}}]"}}, {"model": "admin.logentry", "pk": 37, "fields": {"action_time": "2020-08-09T16:35:29.819Z", "user": 2, "content_type": 2, "object_id": "2", "object_repr": "Inactive", "action_flag": 1, "change_message": "[{\"added\": {}}]"}}, {"model": "admin.logentry", "pk": 38, "fields": {"action_time": "2020-08-09T16:36:35.405Z", "user": 2, "content_type": 1, "object_id": "1", "object_repr": "\u041e-\u0421\u0438-\u042d\u0441-\u0426\u0435\u043d\u0442\u0440", "action_flag": 1, "change_message": "[{\"added\": {}}]"}}, {"model": "admin.logentry", "pk": 39, "fields": {"action_time": "2020-08-09T16:41:24.571Z", "user": 2, "content_type": 14, "object_id": "1", "object_repr": "ProjectStatus object (1)", "action_flag": 1, "change_message": "[{\"added\": {}}]"}}, {"model": "admin.logentry", "pk": 40, "fields": {"action_time": "2020-08-09T16:43:21.011Z", "user": 2, "content_type": 4, "object_id": "1", "object_repr": "\u0410\u043d\u0430\u0441\u0442\u0430\u0441\u0438\u044f \u041c\u0430\u0442\u0432\u0435\u0435\u0432\u0430", "action_flag": 1, "change_message": "[{\"added\": {}}]"}}, {"model": "admin.logentry", "pk": 41, "fields": {"action_time": "2020-08-09T16:43:27.510Z", "user": 2, "content_type": 16, "object_id": "1", "object_repr": "First meeting", "action_flag": 1, "change_message": "[{\"added\": {}}]"}}, {"model": "admin.logentry", "pk": 42, "fields": {"action_time": "2020-08-09T16:43:56.294Z", "user": 2, "content_type": 16, "object_id": "2", "object_repr": "Phone call", "action_flag": 1, "change_message": "[{\"added\": {}}]"}}, {"model": "admin.logentry", "pk": 43, "fields": {"action_time": "2020-08-09T17:09:47.696Z", "user": 2, "content_type": 15, "object_id": "1", "object_repr": "Send the quote", "action_flag": 1, "change_message": "[{\"added\": {}}]"}}, {"model": "admin.logentry", "pk": 44, "fields": {"action_time": "2020-08-09T17:14:21.672Z", "user": 2, "content_type": 13, "object_id": "1", "object_repr": "CRC2020-001 \u0421\u0430\u043c\u0430\u0440\u0430 (\u0414\u0432\u043e\u0440\u0435\u0446 \u0441\u043f\u043e\u0440\u0442\u0430)", "action_flag": 1, "change_message": "[{\"added\": {}}]"}}, {"model": "admin.logentry", "pk": 45, "fields": {"action_time": "2020-08-10T09:24:44.582Z", "user": 2, "content_type": 15, "object_id": "1", "object_repr": "Send the quote", "action_flag": 2, "change_message": "[{\"changed\": {\"fields\": [\"Person\", \"Project\"]}}]"}}, {"model": "admin.logentry", "pk": 46, "fields": {"action_time": "2020-08-10T10:21:02.645Z", "user": 2, "content_type": 5, "object_id": "1", "object_repr": "Main", "action_flag": 1, "change_message": "[{\"added\": {}}]"}}, {"model": "admin.logentry", "pk": 47, "fields": {"action_time": "2020-08-10T10:21:10.715Z", "user": 2, "content_type": 5, "object_id": "2", "object_repr": "Mobile", "action_flag": 1, "change_message": "[{\"added\": {}}]"}}, {"model": "admin.logentry", "pk": 48, "fields": {"action_time": "2020-08-10T10:21:15.299Z", "user": 2, "content_type": 5, "object_id": "3", "object_repr": "Work", "action_flag": 1, "change_message": "[{\"added\": {}}]"}}, {"model": "admin.logentry", "pk": 49, "fields": {"action_time": "2020-08-10T10:21:19.337Z", "user": 2, "content_type": 5, "object_id": "4", "object_repr": "Personal", "action_flag": 1, "change_message": "[{\"added\": {}}]"}}, {"model": "admin.logentry", "pk": 50, "fields": {"action_time": "2020-08-10T10:46:13.066Z", "user": 2, "content_type": 8, "object_id": "1", "object_repr": "+7 (812) 324-28-70 : \u0410\u043d\u0430\u0441\u0442\u0430\u0441\u0438\u044f \u041c\u0430\u0442\u0432\u0435\u0435\u0432\u0430 (Main)", "action_flag": 1, "change_message": "[{\"added\": {}}]"}}, {"model": "admin.logentry", "pk": 51, "fields": {"action_time": "2020-08-10T11:10:25.541Z", "user": 2, "content_type": 8, "object_id": "1", "object_repr": "+7 (812) 324-28-70 : \u0410\u043d\u0430\u0441\u0442\u0430\u0441\u0438\u044f \u041c\u0430\u0442\u0432\u0435\u0435\u0432\u0430 (Main)", "action_flag": 2, "change_message": "[]"}}, {"model": "admin.logentry", "pk": 52, "fields": {"action_time": "2020-08-10T11:10:53.902Z", "user": 2, "content_type": 8, "object_id": "2", "object_repr": "+7 (962) 724-43-32 : \u0410\u043d\u0430\u0441\u0442\u0430\u0441\u0438\u044f \u041c\u0430\u0442\u0432\u0435\u0435\u0432\u0430 (Main)", "action_flag": 1, "change_message": "[{\"added\": {}}]"}}, {"model": "admin.logentry", "pk": 53, "fields": {"action_time": "2020-08-10T11:10:59.829Z", "user": 2, "content_type": 8, "object_id": "2", "object_repr": "+7 (962) 724-43-32 : \u0410\u043d\u0430\u0441\u0442\u0430\u0441\u0438\u044f \u041c\u0430\u0442\u0432\u0435\u0435\u0432\u0430 (Work)", "action_flag": 2, "change_message": "[{\"changed\": {\"fields\": [\"Type\"]}}]"}}, {"model": "admin.logentry", "pk": 54, "fields": {"action_time": "2020-08-10T11:30:46.699Z", "user": 2, "content_type": 8, "object_id": "2", "object_repr": "+7 (962) 724-43-32 : \u0410\u043d\u0430\u0441\u0442\u0430\u0441\u0438\u044f \u041c\u0430\u0442\u0432\u0435\u0435\u0432\u0430 (Mobile)", "action_flag": 2, "change_message": "[{\"changed\": {\"fields\": [\"Type\"]}}]"}}, {"model": "admin.logentry", "pk": 55, "fields": {"action_time": "2020-08-10T11:30:51.897Z", "user": 2, "content_type": 8, "object_id": "1", "object_repr": "+7 (812) 324-28-70 : \u0410\u043d\u0430\u0441\u0442\u0430\u0441\u0438\u044f \u041c\u0430\u0442\u0432\u0435\u0435\u0432\u0430 (Main)", "action_flag": 2, "change_message": "[]"}}, {"model": "admin.logentry", "pk": 56, "fields": {"action_time": "2020-08-10T11:46:51.994Z", "user": 2, "content_type": 6, "object_id": "1", "object_repr": "amatveeva@ocs.ru : \u0410\u043d\u0430\u0441\u0442\u0430\u0441\u0438\u044f \u041c\u0430\u0442\u0432\u0435\u0435\u0432\u0430: (Work)", "action_flag": 1, "change_message": "[{\"added\": {}}]"}}, {"model": "admin.logentry", "pk": 57, "fields": {"action_time": "2020-08-10T12:32:47.849Z", "user": 2, "content_type": 5, "object_id": "1", "object_repr": "main", "action_flag": 2, "change_message": "[{\"changed\": {\"fields\": [\"Type\"]}}]"}}, {"model": "admin.logentry", "pk": 58, "fields": {"action_time": "2020-08-10T12:32:52.185Z", "user": 2, "content_type": 5, "object_id": "2", "object_repr": "mobile", "action_flag": 2, "change_message": "[{\"changed\": {\"fields\": [\"Type\"]}}]"}}, {"model": "admin.logentry", "pk": 59, "fields": {"action_time": "2020-08-10T12:32:56.186Z", "user": 2, "content_type": 5, "object_id": "3", "object_repr": "work", "action_flag": 2, "change_message": "[{\"changed\": {\"fields\": [\"Type\"]}}]"}}, {"model": "admin.logentry", "pk": 60, "fields": {"action_time": "2020-08-10T12:33:03.994Z", "user": 2, "content_type": 5, "object_id": "4", "object_repr": "personal", "action_flag": 2, "change_message": "[{\"changed\": {\"fields\": [\"Type\"]}}]"}}, {"model": "admin.logentry", "pk": 61, "fields": {"action_time": "2020-08-10T16:07:12.533Z", "user": 2, "content_type": 4, "object_id": "2", "object_repr": "\u0414\u0435\u043d\u0438\u0441 \u041a\u043e\u0434\u043e\u0447\u0438\u0433\u043e\u0432", "action_flag": 1, "change_message": "[{\"added\": {}}]"}}, {"model": "admin.logentry", "pk": 62, "fields": {"action_time": "2020-08-10T16:08:41.248Z", "user": 2, "content_type": 6, "object_id": "2", "object_repr": "dkodochigov@ocs.ru : \u0414\u0435\u043d\u0438\u0441 \u041a\u043e\u0434\u043e\u0447\u0438\u0433\u043e\u0432: (main)", "action_flag": 1, "change_message": "[{\"added\": {}}]"}}, {"model": "admin.logentry", "pk": 63, "fields": {"action_time": "2020-08-15T13:34:42.874Z", "user": 2, "content_type": 1, "object_id": "3", "object_repr": "\u0421\u0438\u0441\u0442\u0435\u043c\u044b \u0410\u0432\u0442\u043e\u043c\u0430\u0442\u0438\u0437\u0430\u0446\u0438\u0438", "action_flag": 3, "change_message": ""}}, {"model": "admin.logentry", "pk": 64, "fields": {"action_time": "2020-09-01T08:37:55.851Z", "user": 2, "content_type": 15, "object_id": "1", "object_repr": "\u0410\u0432\u0442\u043e \u0432\u044b\u0431\u043e\u0440 \u043a\u043e\u043c\u043f\u0430\u043d\u0438\u0438 \u043f\u0440\u0438 \u0441\u043e\u0437\u0434\u0430\u043d\u0438\u0438 \u043f\u0435\u0440\u0441\u043e\u043d\u044b", "action_flag": 2, "change_message": "[{\"changed\": {\"fields\": [\"Task\", \"Description\", \"Due time\", \"Person\", \"Project\", \"Manager\"]}}]"}}, {"model": "admin.logentry", "pk": 65, "fields": {"action_time": "2020-09-01T08:41:21.606Z", "user": 2, "content_type": 1, "object_id": "6", "object_repr": "\u0411\u043e\u0448 \u0420\u0435\u043a\u0441\u0440\u043e\u0442", "action_flag": 1, "change_message": "[{\"added\": {}}]"}}, {"model": "admin.logentry", "pk": 66, "fields": {"action_time": "2020-09-01T08:41:39.047Z", "user": 2, "content_type": 15, "object_id": "1", "object_repr": "\u0410\u0432\u0442\u043e \u0432\u044b\u0431\u043e\u0440 \u043a\u043e\u043c\u043f\u0430\u043d\u0438\u0438 \u043f\u0440\u0438 \u0441\u043e\u0437\u0434\u0430\u043d\u0438\u0438 \u043f\u0435\u0440\u0441\u043e\u043d\u044b", "action_flag": 2, "change_message": "[{\"changed\": {\"fields\": [\"Company\"]}}]"}}, {"model": "admin.logentry", "pk": 67, "fields": {"action_time": "2020-09-01T08:42:35.860Z", "user": 2, "content_type": 15, "object_id": "2", "object_repr": "\u0414\u043e\u0431\u0430\u0432\u043b\u0435\u043d\u0438\u0435 \u043a\u043e\u043d\u0442\u0430\u043a\u0442\u043e\u0432 \u043f\u0440\u0438 \u0441\u043e\u0437\u0434\u0430\u043d\u0438\u044f \u043f\u0435\u0440\u0441\u043e\u043d\u044b", "action_flag": 1, "change_message": "[{\"added\": {}}]"}}, {"model": "admin.logentry", "pk": 68, "fields": {"action_time": "2020-09-01T08:43:05.837Z", "user": 2, "content_type": 15, "object_id": "3", "object_repr": "\u0414\u043e\u0431\u0430\u0432\u043b\u0435\u043d\u0438\u0435 \u043f\u0435\u0440\u0441\u043e\u043d\u044b \u043f\u0440\u0438 \u0441\u043e\u0437\u0434\u0430\u043d\u0438\u0438 \u043a\u043e\u043c\u043f\u0430\u043d\u0438\u0438", "action_flag": 1, "change_message": "[{\"added\": {}}]"}}, {"model": "admin.logentry", "pk": 69, "fields": {"action_time": "2020-09-01T08:43:38.608Z", "user": 2, "content_type": 15, "object_id": "4", "object_repr": "\u041d\u0435\u0441\u043a\u043e\u043b\u044c\u043a\u043e \u0440\u043e\u043b\u0435\u0439 \u0438 \u043a\u043e\u043c\u043f\u0430\u043d\u0438\u0439 \u0432 \u043f\u0440\u043e\u0435\u043a\u0442\u0435", "action_flag": 1, "change_message": "[{\"added\": {}}]"}}, {"model": "admin.logentry", "pk": 70, "fields": {"action_time": "2020-09-01T08:44:01.233Z", "user": 2, "content_type": 15, "object_id": "5", "object_repr": "\u041f\u043e\u0438\u0441\u043a \u043f\u0440\u0438 \u0432\u044b\u0431\u043e\u0440\u0435 \u043a\u043e\u043c\u043f\u0430\u043d\u0438\u0438 \u0432\u043e \u0432\u0441\u0435\u0445 CreateView", "action_flag": 1, "change_message": "[{\"added\": {}}]"}}, {"model": "admin.logentry", "pk": 71, "fields": {"action_time": "2020-09-01T09:25:23.105Z", "user": 2, "content_type": 13, "object_id": "1", "object_repr": "CRC2020-001 \u0421\u0430\u043c\u0430\u0440\u0430 (\u0414\u0432\u043e\u0440\u0435\u0446 \u0441\u043f\u043e\u0440\u0442\u0430)", "action_flag": 2, "change_message": "[{\"changed\": {\"fields\": [\"Manager\", \"Company supplier\", \"Company integrator\", \"Company end user\"]}}]"}}, {"model": "admin.logentry", "pk": 72, "fields": {"action_time": "2020-09-01T09:53:54.955Z", "user": 2, "content_type": 15, "object_id": "4", "object_repr": "\u041d\u0435\u0441\u043a\u043e\u043b\u044c\u043a\u043e \u0440\u043e\u043b\u0435\u0439 \u0438 \u043a\u043e\u043c\u043f\u0430\u043d\u0438\u0439 \u0432 \u043f\u0440\u043e\u0435\u043a\u0442\u0435", "action_flag": 2, "change_message": "[{\"changed\": {\"fields\": [\"Done\"]}}]"}}, {"model": "admin.logentry", "pk": 73, "fields": {"action_time": "2020-09-01T10:22:08.430Z", "user": 2, "content_type": 15, "object_id": "6", "object_repr": "\u0414\u043e\u0431\u0430\u0432\u0438\u0442\u044c \u043f\u043e\u0434\u0441\u043a\u0430\u0437\u043a\u0438 \u0432 \u043f\u043e\u043b\u044f \u043a \u0444\u043e\u0440\u043c\u0430\u043c", "action_flag": 1, "change_message": "[{\"added\": {}}]"}}, {"model": "admin.logentry", "pk": 74, "fields": {"action_time": "2020-09-01T11:54:51.267Z", "user": 2, "content_type": 15, "object_id": "7", "object_repr": "\u041b\u0430\u0442\u0438\u043d\u0441\u043a\u043e\u0435 \u043d\u0430\u0437\u0432\u0430\u043d\u0438\u0435 \u043a\u043e\u043c\u043f\u0430\u043d\u0438\u0439", "action_flag": 1, "change_message": "[{\"added\": {}}]"}}, {"model": "admin.logentry", "pk": 75, "fields": {"action_time": "2020-09-01T11:56:58.301Z", "user": 2, "content_type": 15, "object_id": "8", "object_repr": "\u041f\u0440\u043e\u0435\u043a\u0442\u043d\u0430\u044f \u0441\u043a\u0438\u0434\u043a\u0430", "action_flag": 1, "change_message": "[{\"added\": {}}]"}}, {"model": "admin.logentry", "pk": 76, "fields": {"action_time": "2020-09-01T12:06:21.881Z", "user": 2, "content_type": 1, "object_id": "1", "object_repr": "\u041e-\u0421\u0438-\u042d\u0441-\u0426\u0435\u043d\u0442\u0440", "action_flag": 2, "change_message": "[{\"changed\": {\"fields\": [\"Title latin\", \"Manager\"]}}]"}}, {"model": "admin.logentry", "pk": 77, "fields": {"action_time": "2020-09-01T12:06:26.281Z", "user": 2, "content_type": 1, "object_id": "1", "object_repr": "\u041e-\u0421\u0438-\u042d\u0441-\u0426\u0435\u043d\u0442\u0440", "action_flag": 2, "change_message": "[]"}}, {"model": "admin.logentry", "pk": 78, "fields": {"action_time": "2020-09-01T12:06:32.844Z", "user": 2, "content_type": 1, "object_id": "8", "object_repr": "\u041a\u043e\u043c\u0430\u0443 \u0420\u0443\u0441\u0441\u0438\u044f", "action_flag": 2, "change_message": "[{\"changed\": {\"fields\": [\"Title latin\"]}}]"}}, {"model": "admin.logentry", "pk": 79, "fields": {"action_time": "2020-09-01T12:07:36.289Z", "user": 2, "content_type": 1, "object_id": "9", "object_repr": "DUMMY", "action_flag": 3, "change_message": ""}}, {"model": "admin.logentry", "pk": 80, "fields": {"action_time": "2020-09-01T12:25:58.406Z", "user": 2, "content_type": 15, "object_id": "7", "object_repr": "\u041b\u0430\u0442\u0438\u043d\u0441\u043a\u043e\u0435 \u043d\u0430\u0437\u0432\u0430\u043d\u0438\u0435 \u043a\u043e\u043c\u043f\u0430\u043d\u0438\u0439", "action_flag": 2, "change_message": "[{\"changed\": {\"fields\": [\"Done\"]}}]"}}, {"model": "admin.logentry", "pk": 81, "fields": {"action_time": "2020-09-01T12:26:09.271Z", "user": 2, "content_type": 15, "object_id": "7", "object_repr": "\u041b\u0430\u0442\u0438\u043d\u0441\u043a\u043e\u0435 \u043d\u0430\u0437\u0432\u0430\u043d\u0438\u0435 \u043a\u043e\u043c\u043f\u0430\u043d\u0438\u0439", "action_flag": 2, "change_message": "[]"}}, {"model": "admin.logentry", "pk": 82, "fields": {"action_time": "2020-09-01T12:51:28.562Z", "user": 2, "content_type": 13, "object_id": "2", "object_repr": "KSM2019-001 \u0422\u043e\u043b\u044c\u044f\u0442\u0442\u0438 (\u041b\u0438\u043d\u0438\u044f \u0441\u0431\u043e\u0440\u043a\u0438 \u043d\u043e\u0432\u044b\u0445 \u043c\u043e\u0442\u043e\u0440\u043e\u0432 \u0410\u0432\u0442\u043e\u0412\u0410\u0417)", "action_flag": 2, "change_message": "[{\"changed\": {\"fields\": [\"Code\"]}}]"}}, {"model": "admin.logentry", "pk": 83, "fields": {"action_time": "2020-09-01T14:39:59.635Z", "user": 2, "content_type": 16, "object_id": "4", "object_repr": "Order", "action_flag": 2, "change_message": "[{\"changed\": {\"fields\": [\"Title\", \"Description\"]}}]"}}, {"model": "admin.logentry", "pk": 84, "fields": {"action_time": "2020-09-01T14:40:20.778Z", "user": 2, "content_type": 16, "object_id": "1", "object_repr": "Meeting", "action_flag": 2, "change_message": "[{\"changed\": {\"fields\": [\"Title\", \"Description\", \"Manager\"]}}]"}}, {"model": "admin.logentry", "pk": 85, "fields": {"action_time": "2020-09-01T14:40:42.868Z", "user": 2, "content_type": 16, "object_id": "3", "object_repr": "Phone Call", "action_flag": 2, "change_message": "[{\"changed\": {\"fields\": [\"Title\"]}}]"}}, {"model": "admin.logentry", "pk": 86, "fields": {"action_time": "2020-09-01T14:40:50.079Z", "user": 2, "content_type": 16, "object_id": "3", "object_repr": "Phone call", "action_flag": 2, "change_message": "[{\"changed\": {\"fields\": [\"Title\"]}}]"}}, {"model": "admin.logentry", "pk": 87, "fields": {"action_time": "2020-09-01T14:43:00.536Z", "user": 2, "content_type": 12, "object_id": "13", "object_repr": "FAFC | EU | A : 15 %", "action_flag": 1, "change_message": "[{\"added\": {}}]"}}, {"model": "admin.logentry", "pk": 88, "fields": {"action_time": "2020-09-01T14:43:14.885Z", "user": 2, "content_type": 12, "object_id": "14", "object_repr": "FAFC | EU | B : 10 %", "action_flag": 1, "change_message": "[{\"added\": {}}]"}}, {"model": "admin.logentry", "pk": 89, "fields": {"action_time": "2020-09-01T14:43:26.918Z", "user": 2, "content_type": 12, "object_id": "15", "object_repr": "FAFC | EU | C : 5 %", "action_flag": 1, "change_message": "[{\"added\": {}}]"}}, {"model": "admin.logentry", "pk": 90, "fields": {"action_time": "2020-09-01T14:43:34.815Z", "user": 2, "content_type": 12, "object_id": "16", "object_repr": "FAFC | EU | D : 0 %", "action_flag": 1, "change_message": "[{\"added\": {}}]"}}, {"model": "admin.logentry", "pk": 91, "fields": {"action_time": "2020-09-01T14:43:58.953Z", "user": 2, "content_type": 12, "object_id": "17", "object_repr": "FAFC | SP | A : 33 %", "action_flag": 1, "change_message": "[{\"added\": {}}]"}}, {"model": "admin.logentry", "pk": 92, "fields": {"action_time": "2020-09-01T14:44:08.526Z", "user": 2, "content_type": 12, "object_id": "18", "object_repr": "FAFC | SP | B : 23 %", "action_flag": 1, "change_message": "[{\"added\": {}}]"}}, {"model": "admin.logentry", "pk": 93, "fields": {"action_time": "2020-09-01T14:44:16.133Z", "user": 2, "content_type": 12, "object_id": "19", "object_repr": "FAFC | SP | C : 18 %", "action_flag": 1, "change_message": "[{\"added\": {}}]"}}, {"model": "admin.logentry", "pk": 94, "fields": {"action_time": "2020-09-01T14:44:22.973Z", "user": 2, "content_type": 12, "object_id": "20", "object_repr": "FAFC | SP | D : 13 %", "action_flag": 1, "change_message": "[{\"added\": {}}]"}}, {"model": "admin.logentry", "pk": 95, "fields": {"action_time": "2020-09-01T14:49:24.230Z", "user": 2, "content_type": 1, "object_id": "5", "object_repr": "\u041a\u043e\u0441\u043c\u043e\u0441 \u0420\u0423\u0421", "action_flag": 2, "change_message": "[{\"changed\": {\"fields\": [\"Discounts\"]}}]"}}, {"model": "admin.logentry", "pk": 96, "fields": {"action_time": "2020-09-01T14:49:31.578Z", "user": 2, "content_type": 1, "object_id": "6", "object_repr": "\u0411\u043e\u0448 \u0420\u0435\u043a\u0441\u0440\u043e\u0442", "action_flag": 2, "change_message": "[{\"changed\": {\"fields\": [\"Discounts\"]}}]"}}, {"model": "admin.logentry", "pk": 97, "fields": {"action_time": "2020-09-01T14:49:37.060Z", "user": 2, "content_type": 1, "object_id": "7", "object_repr": "\u0410\u0432\u0442\u043e\u0412\u0410\u0417", "action_flag": 2, "change_message": "[{\"changed\": {\"fields\": [\"Discounts\"]}}]"}}, {"model": "admin.logentry", "pk": 98, "fields": {"action_time": "2020-09-01T14:49:41.533Z", "user": 2, "content_type": 1, "object_id": "8", "object_repr": "\u041a\u043e\u043c\u0430\u0443 \u0420\u0443\u0441\u0441\u0438\u044f", "action_flag": 2, "change_message": "[{\"changed\": {\"fields\": [\"Discounts\"]}}]"}}, {"model": "admin.logentry", "pk": 99, "fields": {"action_time": "2020-09-01T14:49:47.451Z", "user": 2, "content_type": 1, "object_id": "10", "object_repr": "dummy", "action_flag": 3, "change_message": ""}}, {"model": "admin.logentry", "pk": 100, "fields": {"action_time": "2020-09-01T15:43:25.356Z", "user": 2, "content_type": 13, "object_id": "2", "object_repr": "KSM2019-001 \u0422\u043e\u043b\u044c\u044f\u0442\u0442\u0438 (\u041b\u0438\u043d\u0438\u044f \u0441\u0431\u043e\u0440\u043a\u0438 \u043d\u043e\u0432\u044b\u0445 \u043c\u043e\u0442\u043e\u0440\u043e\u0432 \u0410\u0432\u0442\u043e\u0412\u0410\u0417)", "action_flag": 2, "change_message": "[{\"changed\": {\"fields\": [\"Company supplier\"]}}]"}}, {"model": "admin.logentry", "pk": 101, "fields": {"action_time": "2020-09-01T15:43:31.660Z", "user": 2, "content_type": 13, "object_id": "1", "object_repr": "CRC2020-001 \u0421\u0430\u043c\u0430\u0440\u0430 (\u0414\u0432\u043e\u0440\u0435\u0446 \u0441\u043f\u043e\u0440\u0442\u0430)", "action_flag": 2, "change_message": "[{\"changed\": {\"fields\": [\"Company supplier\"]}}]"}}, {"model": "admin.logentry", "pk": 102, "fields": {"action_time": "2020-09-01T15:53:05.202Z", "user": 2, "content_type": 1, "object_id": "7", "object_repr": "\u0410\u0432\u0442\u043e\u0412\u0410\u0417", "action_flag": 2, "change_message": "[{\"changed\": {\"fields\": [\"Title latin\"]}}]"}}, {"model": "admin.logentry", "pk": 103, "fields": {"action_time": "2020-09-01T15:53:12.687Z", "user": 2, "content_type": 1, "object_id": "6", "object_repr": "\u0411\u043e\u0448 \u0420\u0435\u043a\u0441\u0440\u043e\u0442", "action_flag": 2, "change_message": "[{\"changed\": {\"fields\": [\"Title latin\"]}}]"}}, {"model": "admin.logentry", "pk": 104, "fields": {"action_time": "2020-09-01T16:52:14.921Z", "user": 2, "content_type": 15, "object_id": "9", "object_repr": "Project fulfillment bar", "action_flag": 1, "change_message": "[{\"added\": {}}]"}}, {"model": "admin.logentry", "pk": 105, "fields": {"action_time": "2020-09-02T09:09:02.674Z", "user": 2, "content_type": 12, "object_id": "21", "object_repr": "FAFC | RO | A : 30 %", "action_flag": 1, "change_message": "[{\"added\": {}}]"}}, {"model": "admin.logentry", "pk": 106, "fields": {"action_time": "2020-09-02T09:09:11.569Z", "user": 2, "content_type": 12, "object_id": "22", "object_repr": "FAFC | RO | B : 20 %", "action_flag": 1, "change_message": "[{\"added\": {}}]"}}, {"model": "admin.logentry", "pk": 107, "fields": {"action_time": "2020-09-02T09:09:23.269Z", "user": 2, "content_type": 12, "object_id": "23", "object_repr": "FAFC | RO | C : 10 %", "action_flag": 1, "change_message": "[{\"added\": {}}]"}}, {"model": "admin.logentry", "pk": 108, "fields": {"action_time": "2020-09-02T09:09:34.999Z", "user": 2, "content_type": 12, "object_id": "24", "object_repr": "FAFC | RO | D : 5 %", "action_flag": 1, "change_message": "[{\"added\": {}}]"}}, {"model": "admin.logentry", "pk": 109, "fields": {"action_time": "2020-09-03T09:44:34.186Z", "user": 2, "content_type": 14, "object_id": "1", "object_repr": "Preliminary design", "action_flag": 2, "change_message": "[{\"changed\": {\"fields\": [\"Status\"]}}]"}}, {"model": "admin.logentry", "pk": 110, "fields": {"action_time": "2020-09-03T09:44:54.446Z", "user": 2, "content_type": 14, "object_id": "2", "object_repr": "Project documentation", "action_flag": 1, "change_message": "[{\"added\": {}}]"}}, {"model": "admin.logentry", "pk": 111, "fields": {"action_time": "2020-09-03T09:45:34.682Z", "user": 2, "content_type": 14, "object_id": "3", "object_repr": "inspection", "action_flag": 1, "change_message": "[{\"added\": {}}]"}}, {"model": "admin.logentry", "pk": 112, "fields": {"action_time": "2020-09-03T09:46:00.929Z", "user": 2, "content_type": 14, "object_id": "4", "object_repr": "Working documentation", "action_flag": 1, "change_message": "[{\"added\": {}}]"}}, {"model": "admin.logentry", "pk": 113, "fields": {"action_time": "2020-09-03T09:48:11.026Z", "user": 2, "content_type": 14, "object_id": "4", "object_repr": "Technical requirement", "action_flag": 2, "change_message": "[{\"changed\": {\"fields\": [\"Status\"]}}]"}}, {"model": "admin.logentry", "pk": 114, "fields": {"action_time": "2020-09-03T09:48:17.867Z", "user": 2, "content_type": 14, "object_id": "3", "object_repr": "Working documentation", "action_flag": 2, "change_message": "[{\"changed\": {\"fields\": [\"Status\"]}}]"}}, {"model": "admin.logentry", "pk": 115, "fields": {"action_time": "2020-09-03T09:48:27.602Z", "user": 2, "content_type": 14, "object_id": "2", "object_repr": "Inspection", "action_flag": 2, "change_message": "[{\"changed\": {\"fields\": [\"Status\"]}}]"}}, {"model": "admin.logentry", "pk": 116, "fields": {"action_time": "2020-09-03T09:48:36.191Z", "user": 2, "content_type": 14, "object_id": "1", "object_repr": "Project documentation", "action_flag": 2, "change_message": "[{\"changed\": {\"fields\": [\"Status\"]}}]"}}, {"model": "admin.logentry", "pk": 117, "fields": {"action_time": "2020-09-03T09:48:38.970Z", "user": 2, "content_type": 14, "object_id": "5", "object_repr": "Preliminary design", "action_flag": 1, "change_message": "[{\"added\": {}}]"}}, {"model": "admin.logentry", "pk": 118, "fields": {"action_time": "2020-09-03T09:50:28.521Z", "user": 2, "content_type": 14, "object_id": "5", "object_repr": "Draft design (Sketch)", "action_flag": 2, "change_message": "[{\"changed\": {\"fields\": [\"Status\"]}}]"}}, {"model": "admin.logentry", "pk": 119, "fields": {"action_time": "2020-09-03T09:52:18.603Z", "user": 2, "content_type": 14, "object_id": "2", "object_repr": "Examination", "action_flag": 2, "change_message": "[{\"changed\": {\"fields\": [\"Status\"]}}]"}}, {"model": "admin.logentry", "pk": 120, "fields": {"action_time": "2020-09-03T10:03:53.984Z", "user": 2, "content_type": 23, "object_id": "1", "object_repr": "Technical requirement", "action_flag": 1, "change_message": "[{\"added\": {}}]"}}, {"model": "admin.logentry", "pk": 121, "fields": {"action_time": "2020-09-03T10:04:04.446Z", "user": 2, "content_type": 23, "object_id": "2", "object_repr": "Draft design (Sketch)", "action_flag": 1, "change_message": "[{\"added\": {}}]"}}, {"model": "admin.logentry", "pk": 122, "fields": {"action_time": "2020-09-03T10:04:14.763Z", "user": 2, "content_type": 23, "object_id": "3", "object_repr": "Project documentation", "action_flag": 1, "change_message": "[{\"added\": {}}]"}}, {"model": "admin.logentry", "pk": 123, "fields": {"action_time": "2020-09-03T10:04:24.148Z", "user": 2, "content_type": 23, "object_id": "4", "object_repr": "Examination", "action_flag": 1, "change_message": "[{\"added\": {}}]"}}, {"model": "admin.logentry", "pk": 124, "fields": {"action_time": "2020-09-03T10:04:37.698Z", "user": 2, "content_type": 23, "object_id": "5", "object_repr": "Working documentation", "action_flag": 1, "change_message": "[{\"added\": {}}]"}}, {"model": "admin.logentry", "pk": 125, "fields": {"action_time": "2020-09-03T10:42:59.201Z", "user": 2, "content_type": 14, "object_id": "1", "object_repr": "Presale", "action_flag": 2, "change_message": "[{\"changed\": {\"fields\": [\"Status\"]}}]"}}, {"model": "admin.logentry", "pk": 126, "fields": {"action_time": "2020-09-03T10:43:06.705Z", "user": 2, "content_type": 14, "object_id": "2", "object_repr": "Order", "action_flag": 2, "change_message": "[{\"changed\": {\"fields\": [\"Status\"]}}]"}}, {"model": "admin.logentry", "pk": 127, "fields": {"action_time": "2020-09-03T10:43:18.622Z", "user": 2, "content_type": 14, "object_id": "3", "object_repr": "Order", "action_flag": 2, "change_message": "[{\"changed\": {\"fields\": [\"Status\"]}}]"}}, {"model": "admin.logentry", "pk": 128, "fields": {"action_time": "2020-09-03T10:43:22.859Z", "user": 2, "content_type": 14, "object_id": "2", "object_repr": "Contract", "action_flag": 2, "change_message": "[{\"changed\": {\"fields\": [\"Status\"]}}]"}}, {"model": "admin.logentry", "pk": 129, "fields": {"action_time": "2020-09-03T10:43:29.409Z", "user": 2, "content_type": 14, "object_id": "4", "object_repr": "Delivery", "action_flag": 2, "change_message": "[{\"changed\": {\"fields\": [\"Status\"]}}]"}}, {"model": "admin.logentry", "pk": 130, "fields": {"action_time": "2020-09-03T10:44:57.207Z", "user": 2, "content_type": 23, "object_id": "6", "object_repr": "Provision", "action_flag": 1, "change_message": "[{\"added\": {}}]"}}, {"model": "admin.logentry", "pk": 131, "fields": {"action_time": "2020-09-03T10:45:10.790Z", "user": 2, "content_type": 23, "object_id": "7", "object_repr": "Installation", "action_flag": 1, "change_message": "[{\"added\": {}}]"}}, {"model": "admin.logentry", "pk": 132, "fields": {"action_time": "2020-09-03T10:45:28.673Z", "user": 2, "content_type": 23, "object_id": "8", "object_repr": "Commissioning", "action_flag": 1, "change_message": "[{\"added\": {}}]"}}, {"model": "admin.logentry", "pk": 133, "fields": {"action_time": "2020-09-03T10:46:14.054Z", "user": 2, "content_type": 14, "object_id": "5", "object_repr": "Finalization", "action_flag": 2, "change_message": "[{\"changed\": {\"fields\": [\"Status\"]}}]"}}, {"model": "admin.logentry", "pk": 134, "fields": {"action_time": "2020-09-03T10:46:43.466Z", "user": 2, "content_type": 14, "object_id": "5", "object_repr": "Completed", "action_flag": 2, "change_message": "[{\"changed\": {\"fields\": [\"Status\"]}}]"}}, {"model": "admin.logentry", "pk": 135, "fields": {"action_time": "2020-09-03T10:46:49.425Z", "user": 2, "content_type": 14, "object_id": "6", "object_repr": "Canceled", "action_flag": 1, "change_message": "[{\"added\": {}}]"}}, {"model": "admin.logentry", "pk": 136, "fields": {"action_time": "2020-09-03T10:47:08.524Z", "user": 2, "content_type": 23, "object_id": "9", "object_repr": "Completed", "action_flag": 1, "change_message": "[{\"added\": {}}]"}}, {"model": "admin.logentry", "pk": 137, "fields": {"action_time": "2020-09-03T10:47:11.902Z", "user": 2, "content_type": 23, "object_id": "10", "object_repr": "Canceled", "action_flag": 1, "change_message": "[{\"added\": {}}]"}}, {"model": "admin.logentry", "pk": 138, "fields": {"action_time": "2020-09-03T13:57:09.691Z", "user": 2, "content_type": 16, "object_id": "9", "object_repr": "Email", "action_flag": 2, "change_message": "[{\"changed\": {\"fields\": [\"Description\"]}}]"}}, {"model": "admin.logentry", "pk": 139, "fields": {"action_time": "2020-09-03T13:57:32.318Z", "user": 2, "content_type": 16, "object_id": "9", "object_repr": "Email", "action_flag": 2, "change_message": "[{\"changed\": {\"fields\": [\"Description\"]}}]"}}, {"model": "admin.logentry", "pk": 140, "fields": {"action_time": "2020-09-03T15:27:14.057Z", "user": 2, "content_type": 1, "object_id": "12", "object_repr": "\u0410\u0439-\u0422\u0435\u043a\u043e", "action_flag": 1, "change_message": "[{\"added\": {}}]"}}, {"model": "admin.logentry", "pk": 141, "fields": {"action_time": "2020-09-04T10:07:21.292Z", "user": 2, "content_type": 13, "object_id": "2", "object_repr": "KSM2019-001 \u0422\u043e\u043b\u044c\u044f\u0442\u0442\u0438 (\u041b\u0438\u043d\u0438\u044f \u0441\u0431\u043e\u0440\u043a\u0438 \u043d\u043e\u0432\u044b\u0445 \u043c\u043e\u0442\u043e\u0440\u043e\u0432 \u0410\u0432\u0442\u043e\u0412\u0410\u0417)", "action_flag": 2, "change_message": "[{\"changed\": {\"fields\": [\"Company integrator\", \"Company end user\", \"Stage\"]}}]"}}, {"model": "admin.logentry", "pk": 142, "fields": {"action_time": "2020-09-07T15:57:29.716Z", "user": 2, "content_type": 3, "object_id": "8", "object_repr": "\u0413\u041d\u0426 \u0420\u0424 \u0424\u0413\u0423\u041f", "action_flag": 1, "change_message": "[{\"added\": {}}]"}}, {"model": "admin.logentry", "pk": 143, "fields": {"action_time": "2020-09-07T16:02:15.343Z", "user": 2, "content_type": 1, "object_id": "13", "object_repr": "\u041d\u0410\u041c\u0418", "action_flag": 1, "change_message": "[{\"added\": {}}]"}}, {"model": "admin.logentry", "pk": 144, "fields": {"action_time": "2020-09-07T16:22:56.156Z", "user": 2, "content_type": 1, "object_id": "13", "object_repr": "\u0426\u0435\u043d\u0442\u0440\u0430\u043b\u044c\u043d\u044b\u0439 \u043d\u0430\u0443\u0447\u043d\u043e-\u0438\u0441\u0441\u043b\u0435\u0434\u043e\u0432\u0430\u0442\u0435\u043b\u044c\u0441\u043a\u0438\u0439 \u0430\u0432\u0442\u043e\u043c\u043e\u0431\u0438\u043b\u044c\u043d\u044b\u0439 \u0438 \u0430\u0432\u0442\u043e\u043c\u043e\u0442\u043e\u0440\u043d\u044b\u0439 \u0438\u043d\u0441\u0442\u0438\u0442\u0443\u0442", "action_flag": 2, "change_message": "[{\"changed\": {\"fields\": [\"Title\"]}}]"}}, {"model": "admin.logentry", "pk": 145, "fields": {"action_time": "2020-09-07T16:27:35.025Z", "user": 2, "content_type": 1, "object_id": "13", "object_repr": "\u0426\u0415\u041d\u0422\u0420\u0410\u041b\u042c\u041d\u042b\u0419 \u041e\u0420\u0414\u0415\u041d\u0410 \u0422\u0420\u0423\u0414\u041e\u0412\u041e\u0413\u041e \u041a\u0420\u0410\u0421\u041d\u041e\u0413\u041e \u0417\u041d\u0410\u041c\u0415\u041d\u0418 \u041d\u0410\u0423\u0427\u041d\u041e-\u0418\u0421\u0421\u041b\u0415\u0414\u041e\u0412\u0410\u0422\u0415\u041b\u042c\u0421\u041a\u0418\u0419 \u0410\u0412\u0422\u041e\u041c\u041e\u0411\u0418\u041b\u042c\u041d\u042b\u0419 \u0418 \u0410\u0412\u0422\u041e\u041c\u041e\u0422\u041e\u0420\u041d\u042b\u0419 \u0418\u041d\u0421\u0422\u0418\u0422\u0423\u0422 \u00ab\u041d\u0410\u041c\u0418\u00bb", "action_flag": 2, "change_message": "[{\"changed\": {\"fields\": [\"Title\"]}}]"}}, {"model": "admin.logentry", "pk": 146, "fields": {"action_time": "2020-09-07T16:28:17.011Z", "user": 2, "content_type": 1, "object_id": "13", "object_repr": "\u041d\u0410\u041c\u0418", "action_flag": 2, "change_message": "[{\"changed\": {\"fields\": [\"Title\", \"About\"]}}]"}}, {"model": "admin.logentry", "pk": 147, "fields": {"action_time": "2020-09-07T16:29:07.020Z", "user": 2, "content_type": 3, "object_id": "8", "object_repr": "\u0424\u0413\u0423\u041f", "action_flag": 2, "change_message": "[{\"changed\": {\"fields\": [\"Short form\", \"Long form\"]}}]"}}, {"model": "admin.logentry", "pk": 148, "fields": {"action_time": "2020-09-08T11:22:55.350Z", "user": 2, "content_type": 16, "object_id": "12", "object_repr": "Meeting", "action_flag": 2, "change_message": "[{\"changed\": {\"fields\": [\"Description\"]}}]"}}, {"model": "admin.logentry", "pk": 149, "fields": {"action_time": "2020-09-09T11:52:18.471Z", "user": 2, "content_type": 9, "object_id": "3", "object_repr": "cubin4ik", "action_flag": 2, "change_message": "[{\"changed\": {\"fields\": [\"First name\", \"Last name\"]}}]"}}, {"model": "admin.logentry", "pk": 150, "fields": {"action_time": "2020-09-10T14:31:36.384Z", "user": 2, "content_type": 1, "object_id": "22", "object_repr": "test2", "action_flag": 3, "change_message": ""}}, {"model": "admin.logentry", "pk": 151, "fields": {"action_time": "2020-09-10T14:31:36.390Z", "user": 2, "content_type": 1, "object_id": "21", "object_repr": "Test", "action_flag": 3, "change_message": ""}}, {"model": "admin.logentry", "pk": 152, "fields": {"action_time": "2020-09-10T14:43:49.629Z", "user": 2, "content_type": 6, "object_id": "8", "object_repr": "1232@123.ru : Oleg test: (123)", "action_flag": 3, "change_message": ""}}, {"model": "admin.logentry", "pk": 153, "fields": {"action_time": "2020-09-10T14:43:49.639Z", "user": 2, "content_type": 6, "object_id": "7", "object_repr": "123@wer.ru : Oleg test: (123)", "action_flag": 3, "change_message": ""}}, {"model": "admin.logentry", "pk": 154, "fields": {"action_time": "2020-09-10T14:44:05.164Z", "user": 2, "content_type": 4, "object_id": "11", "object_repr": "Oleg test", "action_flag": 3, "change_message": ""}}, {"model": "admin.logentry", "pk": 155, "fields": {"action_time": "2020-09-10T15:03:50.576Z", "user": 2, "content_type": 9, "object_id": "4", "object_repr": "test", "action_flag": 3, "change_message": ""}}, {"model": "admin.logentry", "pk": 156, "fields": {"action_time": "2020-09-11T12:16:27.973Z", "user": 2, "content_type": 16, "object_id": "22", "object_repr": "12", "action_flag": 3, "change_message": ""}}, {"model": "admin.logentry", "pk": 157, "fields": {"action_time": "2020-09-11T12:16:27.987Z", "user": 2, "content_type": 16, "object_id": "19", "object_repr": "rest2", "action_flag": 3, "change_message": ""}}, {"model": "admin.logentry", "pk": 158, "fields": {"action_time": "2020-09-11T12:16:27.994Z", "user": 2, "content_type": 16, "object_id": "18", "object_repr": "test", "action_flag": 3, "change_message": ""}}, {"model": "admin.logentry", "pk": 159, "fields": {"action_time": "2020-09-11T12:16:28Z", "user": 2, "content_type": 16, "object_id": "21", "object_repr": "132432", "action_flag": 3, "change_message": ""}}, {"model": "admin.logentry", "pk": 160, "fields": {"action_time": "2020-09-11T12:16:28.007Z", "user": 2, "content_type": 16, "object_id": "20", "object_repr": "slkdjglkdsjg", "action_flag": 3, "change_message": ""}}, {"model": "admin.logentry", "pk": 161, "fields": {"action_time": "2020-09-14T17:24:47.916Z", "user": 2, "content_type": 16, "object_id": "25", "object_repr": "test event", "action_flag": 3, "change_message": ""}}, {"model": "admin.logentry", "pk": 162, "fields": {"action_time": "2020-09-17T14:05:46.585Z", "user": 2, "content_type": 15, "object_id": "1", "object_repr": "\u0410\u0432\u0442\u043e \u0432\u044b\u0431\u043e\u0440 \u043a\u043e\u043c\u043f\u0430\u043d\u0438\u0438 \u043f\u0440\u0438 \u0441\u043e\u0437\u0434\u0430\u043d\u0438\u0438 \u043f\u0435\u0440\u0441\u043e\u043d\u044b", "action_flag": 2, "change_message": "[{\"changed\": {\"fields\": [\"Importance\"]}}]"}}, {"model": "admin.logentry", "pk": 163, "fields": {"action_time": "2020-09-17T14:42:44.629Z", "user": 2, "content_type": 15, "object_id": "8", "object_repr": "\u041f\u0440\u043e\u0435\u043a\u0442\u043d\u0430\u044f \u0441\u043a\u0438\u0434\u043a\u0430", "action_flag": 2, "change_message": "[{\"changed\": {\"fields\": [\"Importance\"]}}]"}}, {"model": "admin.logentry", "pk": 164, "fields": {"action_time": "2020-09-17T14:44:13.364Z", "user": 2, "content_type": 15, "object_id": "10", "object_repr": "Test reminder", "action_flag": 3, "change_message": ""}}, {"model": "admin.logentry", "pk": 165, "fields": {"action_time": "2020-09-17T15:03:38.897Z", "user": 2, "content_type": 15, "object_id": "12", "object_repr": "test urgent", "action_flag": 2, "change_message": "[{\"changed\": {\"fields\": [\"Importance\", \"Manager\"]}}]"}}, {"model": "admin.logentry", "pk": 166, "fields": {"action_time": "2020-09-17T15:03:49.512Z", "user": 2, "content_type": 15, "object_id": "1", "object_repr": "\u0410\u0432\u0442\u043e \u0432\u044b\u0431\u043e\u0440 \u043a\u043e\u043c\u043f\u0430\u043d\u0438\u0438 \u043f\u0440\u0438 \u0441\u043e\u0437\u0434\u0430\u043d\u0438\u0438 \u043f\u0435\u0440\u0441\u043e\u043d\u044b", "action_flag": 2, "change_message": "[{\"changed\": {\"fields\": [\"Importance\"]}}]"}}, {"model": "admin.logentry", "pk": 167, "fields": {"action_time": "2020-09-17T15:04:50.073Z", "user": 2, "content_type": 15, "object_id": "12", "object_repr": "test urgent", "action_flag": 2, "change_message": "[{\"changed\": {\"fields\": [\"Importance\"]}}]"}}, {"model": "admin.logentry", "pk": 168, "fields": {"action_time": "2020-09-17T15:04:58.855Z", "user": 2, "content_type": 15, "object_id": "1", "object_repr": "\u0410\u0432\u0442\u043e \u0432\u044b\u0431\u043e\u0440 \u043a\u043e\u043c\u043f\u0430\u043d\u0438\u0438 \u043f\u0440\u0438 \u0441\u043e\u0437\u0434\u0430\u043d\u0438\u0438 \u043f\u0435\u0440\u0441\u043e\u043d\u044b", "action_flag": 2, "change_message": "[{\"changed\": {\"fields\": [\"Importance\"]}}]"}}, {"model": "admin.logentry", "pk": 169, "fields": {"action_time": "2020-09-17T15:05:11.730Z", "user": 2, "content_type": 15, "object_id": "8", "object_repr": "\u041f\u0440\u043e\u0435\u043a\u0442\u043d\u0430\u044f \u0441\u043a\u0438\u0434\u043a\u0430", "action_flag": 2, "change_message": "[{\"changed\": {\"fields\": [\"Importance\"]}}]"}}, {"model": "admin.logentry", "pk": 170, "fields": {"action_time": "2020-09-17T15:14:10.324Z", "user": 2, "content_type": 15, "object_id": "6", "object_repr": "\u0414\u043e\u0431\u0430\u0432\u0438\u0442\u044c \u043f\u043e\u0434\u0441\u043a\u0430\u0437\u043a\u0438 \u0432 \u043f\u043e\u043b\u044f \u043a \u0444\u043e\u0440\u043c\u0430\u043c", "action_flag": 2, "change_message": "[{\"changed\": {\"fields\": [\"Importance\"]}}]"}}, {"model": "admin.logentry", "pk": 171, "fields": {"action_time": "2020-09-17T15:14:33.236Z", "user": 2, "content_type": 15, "object_id": "11", "object_repr": "qweqwewqe", "action_flag": 2, "change_message": "[{\"changed\": {\"fields\": [\"Importance\", \"Manager\"]}}]"}}, {"model": "admin.logentry", "pk": 172, "fields": {"action_time": "2020-09-17T15:14:42.964Z", "user": 2, "content_type": 15, "object_id": "5", "object_repr": "\u041f\u043e\u0438\u0441\u043a \u043f\u0440\u0438 \u0432\u044b\u0431\u043e\u0440\u0435 \u043a\u043e\u043c\u043f\u0430\u043d\u0438\u0438 \u0432\u043e \u0432\u0441\u0435\u0445 CreateView", "action_flag": 2, "change_message": "[{\"changed\": {\"fields\": [\"Importance\"]}}]"}}, {"model": "admin.logentry", "pk": 173, "fields": {"action_time": "2020-09-17T15:14:49.202Z", "user": 2, "content_type": 15, "object_id": "3", "object_repr": "\u0414\u043e\u0431\u0430\u0432\u043b\u0435\u043d\u0438\u0435 \u043f\u0435\u0440\u0441\u043e\u043d\u044b \u043f\u0440\u0438 \u0441\u043e\u0437\u0434\u0430\u043d\u0438\u0438 \u043a\u043e\u043c\u043f\u0430\u043d\u0438\u0438", "action_flag": 2, "change_message": "[{\"changed\": {\"fields\": [\"Importance\"]}}]"}}, {"model": "admin.logentry", "pk": 174, "fields": {"action_time": "2020-09-17T15:14:55.013Z", "user": 2, "content_type": 15, "object_id": "2", "object_repr": "\u0414\u043e\u0431\u0430\u0432\u043b\u0435\u043d\u0438\u0435 \u043a\u043e\u043d\u0442\u0430\u043a\u0442\u043e\u0432 \u043f\u0440\u0438 \u0441\u043e\u0437\u0434\u0430\u043d\u0438\u044f \u043f\u0435\u0440\u0441\u043e\u043d\u044b", "action_flag": 2, "change_message": "[{\"changed\": {\"fields\": [\"Importance\"]}}]"}}, {"model": "admin.logentry", "pk": 175, "fields": {"action_time": "2020-09-17T15:15:01.416Z", "user": 2, "content_type": 15, "object_id": "9", "object_repr": "Project fulfillment bar", "action_flag": 2, "change_message": "[{\"changed\": {\"fields\": [\"Importance\"]}}]"}}, {"model": "admin.logentry", "pk": 176, "fields": {"action_time": "2020-09-18T15:51:18.087Z", "user": 2, "content_type": 15, "object_id": "15", "object_repr": "test reminder", "action_flag": 2, "change_message": "[{\"changed\": {\"fields\": [\"Manager\"]}}]"}}, {"model": "admin.logentry", "pk": 177, "fields": {"action_time": "2020-09-18T16:01:53.586Z", "user": 2, "content_type": 15, "object_id": "16", "object_repr": "test2 reminder", "action_flag": 3, "change_message": ""}}, {"model": "admin.logentry", "pk": 178, "fields": {"action_time": "2020-09-22T08:45:04.687Z", "user": 2, "content_type": 16, "object_id": "39", "object_repr": "FAIR (2020-12-09 21:00:00+00:00): <QuerySet [<Company: \u041a\u043e\u043d\u0446\u0435\u0440\u043d \u0410\u0446\u0435\u043f\u0435\u0439>, <Company: \u0411\u043e\u0448 \u0420\u0435\u043a\u0441\u0440\u043e\u0442>]>", "action_flag": 3, "change_message": ""}}, {"model": "admin.logentry", "pk": 179, "fields": {"action_time": "2020-09-22T08:45:10.798Z", "user": 2, "content_type": 16, "object_id": "34", "object_repr": "MEET (2020-12-01 21:00:00+00:00): <QuerySet [<Company: \u041e-\u0421\u0438-\u042d\u0441-\u0426\u0435\u043d\u0442\u0440>]>", "action_flag": 3, "change_message": ""}}, {"model": "admin.logentry", "pk": 180, "fields": {"action_time": "2020-09-22T08:45:15.613Z", "user": 2, "content_type": 16, "object_id": "35", "object_repr": "CONF (2020-12-01 21:00:00+00:00): <QuerySet [<Company: \u041e-\u0421\u0438-\u042d\u0441-\u0426\u0435\u043d\u0442\u0440>]>", "action_flag": 3, "change_message": ""}}, {"model": "admin.logentry", "pk": 181, "fields": {"action_time": "2020-09-22T08:46:09.971Z", "user": 2, "content_type": 16, "object_id": "40", "object_repr": "MEET (2020-09-18 15:48:07+00:00): <QuerySet [<Company: \u0411\u043e\u0448 \u0420\u0435\u043a\u0441\u0440\u043e\u0442>]>", "action_flag": 3, "change_message": ""}}, {"model": "admin.logentry", "pk": 182, "fields": {"action_time": "2020-09-22T08:46:09.981Z", "user": 2, "content_type": 16, "object_id": "38", "object_repr": "MEET (2020-11-30 21:00:00+00:00): <QuerySet [<Company: \u041e-\u0421\u0438-\u042d\u0441-\u0426\u0435\u043d\u0442\u0440>, <Company: \u0421\u0438\u0441\u0442\u0435\u043c\u044b \u0410\u0432\u0442\u043e\u043c\u0430\u0442\u0438\u0437\u0430\u0446\u0438\u0438>, <Company: \u041a\u043e\u0441\u043c\u043e\u0441 \u0420\u0423\u0421>, <Company: \u0411\u043e\u0448 \u0420\u0435\u043a\u0441\u0440\u043e\u0442>, <Company: \u0410\u0439-\u0422\u0435\u043a\u043e>, <Company: \u0421\u043e\u043b\u043b\u0435\u0440\u0441>]>", "action_flag": 3, "change_message": ""}}, {"model": "admin.logentry", "pk": 183, "fields": {"action_time": "2020-09-22T08:46:09.989Z", "user": 2, "content_type": 16, "object_id": "33", "object_repr": "MEET (2020-11-30 21:00:00+00:00): <QuerySet [<Company: \u041e-\u0421\u0438-\u042d\u0441-\u0426\u0435\u043d\u0442\u0440>]>", "action_flag": 3, "change_message": ""}}, {"model": "admin.logentry", "pk": 184, "fields": {"action_time": "2020-09-22T12:02:06.138Z", "user": 2, "content_type": 16, "object_id": "45", "object_repr": "MEET (2019-09-19 09:00:00+00:00): <QuerySet [<Company: \u041a\u0420\u041e\u041a \u0438\u043d\u043a\u043e\u0440\u043f\u043e\u0440\u0435\u0439\u0442\u0435\u0434>]>", "action_flag": 3, "change_message": ""}}, {"model": "admin.logentry", "pk": 185, "fields": {"action_time": "2020-09-22T12:02:06.154Z", "user": 2, "content_type": 16, "object_id": "44", "object_repr": "MEET (2019-09-19 09:00:00+00:00): <QuerySet [<Company: \u041a\u0420\u041e\u041a \u0438\u043d\u043a\u043e\u0440\u043f\u043e\u0440\u0435\u0439\u0442\u0435\u0434>]>", "action_flag": 3, "change_message": ""}}, {"model": "admin.logentry", "pk": 186, "fields": {"action_time": "2020-09-22T12:02:06.162Z", "user": 2, "content_type": 16, "object_id": "43", "object_repr": "MEET (2019-09-19 09:00:00+00:00): <QuerySet [<Company: \u041a\u0420\u041e\u041a \u0438\u043d\u043a\u043e\u0440\u043f\u043e\u0440\u0435\u0439\u0442\u0435\u0434>]>", "action_flag": 3, "change_message": ""}}, {"model": "admin.logentry", "pk": 187, "fields": {"action_time": "2020-09-22T12:02:06.171Z", "user": 2, "content_type": 16, "object_id": "42", "object_repr": "MEET (2019-09-19 09:00:00+00:00): <QuerySet [<Company: \u041a\u0420\u041e\u041a \u0438\u043d\u043a\u043e\u0440\u043f\u043e\u0440\u0435\u0439\u0442\u0435\u0434>]>", "action_flag": 3, "change_message": ""}}, {"model": "admin.logentry", "pk": 188, "fields": {"action_time": "2020-09-22T12:03:26.970Z", "user": 2, "content_type": 16, "object_id": "46", "object_repr": "TEL (2017-03-06 21:00:00+00:00): <QuerySet [<Company: \u0412\u0438\u043b\u043a\u043e\u043c \u0425\u043e\u043b\u0434\u0438\u043d\u0433>]>", "action_flag": 3, "change_message": ""}}, {"model": "admin.logentry", "pk": 189, "fields": {"action_time": "2020-09-24T09:40:09.369Z", "user": 2, "content_type": 15, "object_id": "12", "object_repr": "test urgent", "action_flag": 3, "change_message": ""}}, {"model": "admin.logentry", "pk": 190, "fields": {"action_time": "2020-09-24T09:40:09.384Z", "user": 2, "content_type": 15, "object_id": "14", "object_repr": "Some test task", "action_flag": 3, "change_message": ""}}, {"model": "admin.logentry", "pk": 191, "fields": {"action_time": "2020-09-24T09:40:09.391Z", "user": 2, "content_type": 15, "object_id": "15", "object_repr": "test reminder", "action_flag": 3, "change_message": ""}}, {"model": "admin.logentry", "pk": 192, "fields": {"action_time": "2020-09-24T09:40:09.398Z", "user": 2, "content_type": 15, "object_id": "11", "object_repr": "qweqwewqe", "action_flag": 3, "change_message": ""}}, {"model": "admin.logentry", "pk": 193, "fields": {"action_time": "2020-09-24T09:40:52.710Z", "user": 2, "content_type": 15, "object_id": "1", "object_repr": "\u0410\u0432\u0442\u043e \u0432\u044b\u0431\u043e\u0440 \u043a\u043e\u043c\u043f\u0430\u043d\u0438\u0438 \u043f\u0440\u0438 \u0441\u043e\u0437\u0434\u0430\u043d\u0438\u0438 \u043f\u0435\u0440\u0441\u043e\u043d\u044b", "action_flag": 2, "change_message": "[{\"changed\": {\"fields\": [\"Done\"]}}]"}}, {"model": "admin.logentry", "pk": 194, "fields": {"action_time": "2020-09-24T09:42:19.127Z", "user": 2, "content_type": 15, "object_id": "13", "object_repr": "\u041f\u0440\u0438\u0433\u043e\u0442\u043e\u0432\u0438\u0442\u044c\u0441\u044f \u043a \u0432\u044b\u0441\u0442\u0430\u0432\u043a\u0435", "action_flag": 2, "change_message": "[{\"changed\": {\"fields\": [\"Done\", \"Manager\"]}}]"}}, {"model": "admin.logentry", "pk": 195, "fields": {"action_time": "2020-09-30T09:29:23.013Z", "user": 2, "content_type": 15, "object_id": "18", "object_repr": "\u041d\u0430\u043f\u0440\u0430\u0432\u0438\u0442\u044c \u0440\u0430\u0437\u0432\u0435\u0440\u043d\u0443\u0442\u0443\u044e \u043f\u0440\u0435\u0437\u0435\u043d\u0442\u0430\u0446\u0438\u044e", "action_flag": 2, "change_message": "[{\"changed\": {\"fields\": [\"Done\"]}}]"}}, {"model": "admin.logentry", "pk": 196, "fields": {"action_time": "2020-10-06T16:49:31.840Z", "user": 2, "content_type": 8, "object_id": "10", "object_repr": "+7 (495) 974-22-74 : \u0421\u0432\u0435\u0442\u043b\u0430\u043d\u0430 \u041f\u0440\u043e\u043a\u043e\u0444\u044c\u0435\u0432\u0430 (MAIN)", "action_flag": 2, "change_message": "[{\"changed\": {\"fields\": [\"Type\"]}}]"}}, {"model": "admin.logentry", "pk": 197, "fields": {"action_time": "2020-10-06T16:49:36.841Z", "user": 2, "content_type": 8, "object_id": "9", "object_repr": "+7 (966) 039-00-69 : \u0421\u0432\u0435\u0442\u043b\u0430\u043d\u0430 \u041f\u0440\u043e\u043a\u043e\u0444\u044c\u0435\u0432\u0430 (MAIN)", "action_flag": 2, "change_message": "[{\"changed\": {\"fields\": [\"Type\"]}}]"}}, {"model": "admin.logentry", "pk": 198, "fields": {"action_time": "2020-10-06T16:49:48.381Z", "user": 2, "content_type": 8, "object_id": "8", "object_repr": "+7 (495) 974-22-74 : \u0418\u0432\u0430\u043d \u0426\u0430\u0440\u0435\u0432 (WRK)", "action_flag": 2, "change_message": "[{\"changed\": {\"fields\": [\"Type\"]}}]"}}, {"model": "admin.logentry", "pk": 199, "fields": {"action_time": "2020-10-06T16:49:53.681Z", "user": 2, "content_type": 8, "object_id": "7", "object_repr": "+7 (917) 583-17-70 : \u0418\u0432\u0430\u043d \u0426\u0430\u0440\u0435\u0432 (MOB)", "action_flag": 2, "change_message": "[{\"changed\": {\"fields\": [\"Type\"]}}]"}}, {"model": "admin.logentry", "pk": 200, "fields": {"action_time": "2020-10-06T16:49:59.414Z", "user": 2, "content_type": 8, "object_id": "6", "object_repr": "+7 (921) 964-80-20 : \u0410\u0440\u043c\u0430\u043d \u0414\u0430\u0432\u0442\u044f\u043d (MAIN)", "action_flag": 2, "change_message": "[{\"changed\": {\"fields\": [\"Type\"]}}]"}}, {"model": "admin.logentry", "pk": 201, "fields": {"action_time": "2020-10-06T16:50:03.531Z", "user": 2, "content_type": 8, "object_id": "5", "object_repr": "+7 (910) 409-10-01 : \u041e\u043b\u0435\u0433 \u0412\u044f\u043b\u043e\u0432 (MAIN)", "action_flag": 2, "change_message": "[{\"changed\": {\"fields\": [\"Type\"]}}]"}}, {"model": "admin.logentry", "pk": 202, "fields": {"action_time": "2020-10-06T16:50:08.060Z", "user": 2, "content_type": 8, "object_id": "4", "object_repr": "+7 (495) 633-44-44 : \u041a\u0438\u0440\u0438\u043b\u043b \u0411\u0430\u0441\u043a\u0430\u043a\u043e\u0432 (WRK)", "action_flag": 2, "change_message": "[{\"changed\": {\"fields\": [\"Type\"]}}]"}}, {"model": "admin.logentry", "pk": 203, "fields": {"action_time": "2020-10-06T16:50:11.352Z", "user": 2, "content_type": 8, "object_id": "3", "object_repr": "+7 (967) 177-01-26 : Onder Kepenek (MAIN)", "action_flag": 2, "change_message": "[{\"changed\": {\"fields\": [\"Type\"]}}]"}}, {"model": "admin.logentry", "pk": 204, "fields": {"action_time": "2020-10-06T16:50:16.164Z", "user": 2, "content_type": 8, "object_id": "2", "object_repr": "+7 (962) 724-43-32 : \u0410\u043d\u0430\u0441\u0442\u0430\u0441\u0438\u044f \u041c\u0430\u0442\u0432\u0435\u0435\u0432\u0430 (MOB)", "action_flag": 2, "change_message": "[{\"changed\": {\"fields\": [\"Type\"]}}]"}}, {"model": "admin.logentry", "pk": 205, "fields": {"action_time": "2020-10-06T16:50:24.247Z", "user": 2, "content_type": 8, "object_id": "1", "object_repr": "+7 (812) 324-28-70 : \u0410\u043d\u0430\u0441\u0442\u0430\u0441\u0438\u044f \u041c\u0430\u0442\u0432\u0435\u0435\u0432\u0430 (MAIN)", "action_flag": 2, "change_message": "[{\"changed\": {\"fields\": [\"Type\"]}}]"}}, {"model": "admin.logentry", "pk": 206, "fields": {"action_time": "2020-10-14T14:21:33.042Z", "user": 2, "content_type": 14, "object_id": "5", "object_repr": "Post sale", "action_flag": 2, "change_message": "[{\"changed\": {\"fields\": [\"Status\"]}}]"}}, {"model": "admin.logentry", "pk": 207, "fields": {"action_time": "2020-10-14T14:21:43.351Z", "user": 2, "content_type": 14, "object_id": "6", "object_repr": "Completed", "action_flag": 2, "change_message": "[{\"changed\": {\"fields\": [\"Status\"]}}]"}}, {"model": "admin.logentry", "pk": 208, "fields": {"action_time": "2020-10-14T14:21:48.608Z", "user": 2, "content_type": 14, "object_id": "7", "object_repr": "Canceled", "action_flag": 1, "change_message": "[{\"added\": {}}]"}}, {"model": "admin.logentry", "pk": 209, "fields": {"action_time": "2020-10-21T13:03:51.616Z", "user": 2, "content_type": 15, "object_id": "30", "object_repr": "Testing manager preselection", "action_flag": 2, "change_message": "[{\"changed\": {\"fields\": [\"Manager\"]}}]"}}]